{
    "block.lever.click": {
        "replace": true,
        "sounds": [
            "random/lever"
        ]
    },
    "entity.vindicator.hurt": {
        "replace": true,
        "sounds": [
            "mob/vindication_illager/hurt1",
            "mob/vindication_illager/hurt2"
        ]
    },
    "entity.vindicator.ambient": {
        "replace": true,
        "sounds": [
            "mob/vindication_illager/idle1",
            "mob/vindication_illager/idle2",
            "mob/vindication_illager/idle3",
            "mob/vindication_illager/idle4"
        ]
    }
}
