{
	"credit": "Made with Blockbench",
	"texture_size": [64, 64],
	"textures": {
		"0": "block/birthday_hat",
		"particle": "block/birthday_hat"
	},
	"elements": [
		{
			"from": [3, 0, 12],
			"to": [11, 2, 14],
			"rotation": {"angle": 0, "axis": "y", "origin": [9, 0, 12]},
			"faces": {
				"north": {"uv": [0, 0, 2, 0.5], "texture": "#0"},
				"east": {"uv": [1.5, 7, 2, 7.5], "texture": "#0"},
				"south": {"uv": [0, 0.5, 2, 1], "texture": "#0"},
				"west": {"uv": [7.5, 9, 8, 9.5], "texture": "#0"},
				"up": {"uv": [2, 1.5, 0, 1], "texture": "#0"},
				"down": {"uv": [2, 1.5, 0, 2], "texture": "#0"}
			}
		},
		{
			"from": [3, 0, -2],
			"to": [11, 2, 0],
			"rotation": {"angle": 0, "axis": "y", "origin": [9, 0, -2]},
			"faces": {
				"north": {"uv": [0, 2, 2, 2.5], "texture": "#0"},
				"east": {"uv": [8, 9, 8.5, 9.5], "texture": "#0"},
				"south": {"uv": [2, 0, 4, 0.5], "texture": "#0"},
				"west": {"uv": [9, 8.5, 9.5, 9], "texture": "#0"},
				"up": {"uv": [4, 1, 2, 0.5], "texture": "#0"},
				"down": {"uv": [4, 1, 2, 1.5], "texture": "#0"}
			}
		},
		{
			"from": [-1, 0, 2],
			"to": [1, 2, 10],
			"rotation": {"angle": 0, "axis": "y", "origin": [1, 0, 8]},
			"faces": {
				"north": {"uv": [9, 9, 9.5, 9.5], "texture": "#0"},
				"east": {"uv": [2, 1.5, 4, 2], "texture": "#0"},
				"south": {"uv": [2.5, 9.25, 3, 9.75], "texture": "#0"},
				"west": {"uv": [2, 2, 4, 2.5], "texture": "#0"},
				"up": {"uv": [0.5, 4.5, 0, 2.5], "texture": "#0"},
				"down": {"uv": [1, 2.5, 0.5, 4.5], "texture": "#0"}
			}
		},
		{
			"from": [13, 0, 2],
			"to": [15, 2, 10],
			"rotation": {"angle": 0, "axis": "y", "origin": [15, 0, 8]},
			"faces": {
				"north": {"uv": [3, 9.25, 3.5, 9.75], "texture": "#0"},
				"east": {"uv": [1, 2.5, 3, 3], "texture": "#0"},
				"south": {"uv": [3.5, 9.25, 4, 9.75], "texture": "#0"},
				"west": {"uv": [1, 3, 3, 3.5], "texture": "#0"},
				"up": {"uv": [3.5, 4.5, 3, 2.5], "texture": "#0"},
				"down": {"uv": [1.5, 3.5, 1, 5.5], "texture": "#0"}
			}
		},
		{
			"from": [1, 0, 10],
			"to": [5, 2, 12],
			"rotation": {"angle": 0, "axis": "y", "origin": [9, 0, 10]},
			"faces": {
				"north": {"uv": [6.5, 1.5, 7.5, 2], "texture": "#0"},
				"east": {"uv": [4, 9.25, 4.5, 9.75], "texture": "#0"},
				"south": {"uv": [3, 7.25, 4, 7.75], "texture": "#0"},
				"west": {"uv": [4.5, 9.25, 5, 9.75], "texture": "#0"},
				"up": {"uv": [5, 7.75, 4, 7.25], "texture": "#0"},
				"down": {"uv": [6.5, 7.25, 5.5, 7.75], "texture": "#0"}
			}
		},
		{
			"from": [1, 0, 0],
			"to": [5, 2, 2],
			"rotation": {"angle": 0, "axis": "y", "origin": [9, 0, 0]},
			"faces": {
				"north": {"uv": [6.5, 7.25, 7.5, 7.75], "texture": "#0"},
				"east": {"uv": [5, 9.25, 5.5, 9.75], "texture": "#0"},
				"south": {"uv": [1.5, 7.5, 2.5, 8], "texture": "#0"},
				"west": {"uv": [6, 9.25, 6.5, 9.75], "texture": "#0"},
				"up": {"uv": [8.5, 2, 7.5, 1.5], "texture": "#0"},
				"down": {"uv": [8.5, 2.5, 7.5, 3], "texture": "#0"}
			}
		},
		{
			"from": [9, 0, 0],
			"to": [13, 2, 2],
			"rotation": {"angle": 0, "axis": "y", "origin": [17, 0, 0]},
			"faces": {
				"north": {"uv": [7.5, 5, 8.5, 5.5], "texture": "#0"},
				"east": {"uv": [6.5, 9.25, 7, 9.75], "texture": "#0"},
				"south": {"uv": [7.5, 5.5, 8.5, 6], "texture": "#0"},
				"west": {"uv": [7, 9.25, 7.5, 9.75], "texture": "#0"},
				"up": {"uv": [8.5, 6.5, 7.5, 6], "texture": "#0"},
				"down": {"uv": [8.5, 6.5, 7.5, 7], "texture": "#0"}
			}
		},
		{
			"from": [9, 0, 10],
			"to": [13, 2, 12],
			"rotation": {"angle": 0, "axis": "y", "origin": [17, 0, 10]},
			"faces": {
				"north": {"uv": [7.5, 7, 8.5, 7.5], "texture": "#0"},
				"east": {"uv": [0, 9.5, 0.5, 10], "texture": "#0"},
				"south": {"uv": [7.5, 7.5, 8.5, 8], "texture": "#0"},
				"west": {"uv": [9.5, 0, 10, 0.5], "texture": "#0"},
				"up": {"uv": [3.5, 8.25, 2.5, 7.75], "texture": "#0"},
				"down": {"uv": [4.5, 7.75, 3.5, 8.25], "texture": "#0"}
			}
		},
		{
			"from": [1, 0, 8],
			"to": [3, 2, 10],
			"rotation": {"angle": 0, "axis": "y", "origin": [7, 0, 8]},
			"faces": {
				"north": {"uv": [0.5, 9.5, 1, 10], "texture": "#0"},
				"east": {"uv": [9.5, 0.5, 10, 1], "texture": "#0"},
				"south": {"uv": [1, 9.5, 1.5, 10], "texture": "#0"},
				"west": {"uv": [9.5, 1, 10, 1.5], "texture": "#0"},
				"up": {"uv": [2, 10, 1.5, 9.5], "texture": "#0"},
				"down": {"uv": [10, 1.5, 9.5, 2], "texture": "#0"}
			}
		},
		{
			"from": [1, 0, 2],
			"to": [3, 2, 4],
			"rotation": {"angle": 0, "axis": "y", "origin": [7, 0, 2]},
			"faces": {
				"north": {"uv": [9.5, 2.5, 10, 3], "texture": "#0"},
				"east": {"uv": [9.5, 5, 10, 5.5], "texture": "#0"},
				"south": {"uv": [9.5, 5.5, 10, 6], "texture": "#0"},
				"west": {"uv": [9.5, 6, 10, 6.5], "texture": "#0"},
				"up": {"uv": [10, 7, 9.5, 6.5], "texture": "#0"},
				"down": {"uv": [10, 7, 9.5, 7.5], "texture": "#0"}
			}
		},
		{
			"from": [11, 0, 2],
			"to": [13, 2, 4],
			"rotation": {"angle": 0, "axis": "y", "origin": [17, 0, 2]},
			"faces": {
				"north": {"uv": [7.5, 9.5, 8, 10], "texture": "#0"},
				"east": {"uv": [9.5, 7.5, 10, 8], "texture": "#0"},
				"south": {"uv": [8, 9.5, 8.5, 10], "texture": "#0"},
				"west": {"uv": [9.5, 8, 10, 8.5], "texture": "#0"},
				"up": {"uv": [9, 10, 8.5, 9.5], "texture": "#0"},
				"down": {"uv": [10, 8.5, 9.5, 9], "texture": "#0"}
			}
		},
		{
			"from": [11, 0, 8],
			"to": [13, 2, 10],
			"rotation": {"angle": 0, "axis": "y", "origin": [17, 0, 8]},
			"faces": {
				"north": {"uv": [9, 9.5, 9.5, 10], "texture": "#0"},
				"east": {"uv": [9.5, 9, 10, 9.5], "texture": "#0"},
				"south": {"uv": [9.5, 9.5, 10, 10], "texture": "#0"},
				"west": {"uv": [2, 9.75, 2.5, 10.25], "texture": "#0"},
				"up": {"uv": [3, 10.25, 2.5, 9.75], "texture": "#0"},
				"down": {"uv": [3.5, 9.75, 3, 10.25], "texture": "#0"}
			}
		},
		{
			"from": [3, 0, 12],
			"to": [11, 2, 14],
			"rotation": {"angle": 0, "axis": "y", "origin": [9, 0, 12]},
			"faces": {
				"north": {"uv": [3.5, 2.5, 5.5, 3], "texture": "#0"},
				"east": {"uv": [3.5, 9.75, 4, 10.25], "texture": "#0"},
				"south": {"uv": [3.5, 3, 5.5, 3.5], "texture": "#0"},
				"west": {"uv": [4, 9.75, 4.5, 10.25], "texture": "#0"},
				"up": {"uv": [5.5, 4, 3.5, 3.5], "texture": "#0"},
				"down": {"uv": [6, 0, 4, 0.5], "texture": "#0"}
			}
		},
		{
			"from": [3, 2, 0],
			"to": [11, 4, 2],
			"rotation": {"angle": 0, "axis": "y", "origin": [5, 2, 0]},
			"faces": {
				"north": {"uv": [4, 0.5, 6, 1], "texture": "#0"},
				"east": {"uv": [4.5, 9.75, 5, 10.25], "texture": "#0"},
				"south": {"uv": [4, 1, 6, 1.5], "texture": "#0"},
				"west": {"uv": [5, 9.75, 5.5, 10.25], "texture": "#0"},
				"up": {"uv": [6, 2, 4, 1.5], "texture": "#0"},
				"down": {"uv": [6, 2, 4, 2.5], "texture": "#0"}
			}
		},
		{
			"from": [3, 2, 10],
			"to": [11, 4, 12],
			"rotation": {"angle": 0, "axis": "y", "origin": [5, 2, 10]},
			"faces": {
				"north": {"uv": [3.5, 4, 5.5, 4.5], "texture": "#0"},
				"east": {"uv": [5.5, 9.75, 6, 10.25], "texture": "#0"},
				"south": {"uv": [1.5, 4.5, 3.5, 5], "texture": "#0"},
				"west": {"uv": [6, 9.75, 6.5, 10.25], "texture": "#0"},
				"up": {"uv": [5.5, 5, 3.5, 4.5], "texture": "#0"},
				"down": {"uv": [3.5, 5, 1.5, 5.5], "texture": "#0"}
			}
		},
		{
			"from": [11, 2, 2],
			"to": [13, 4, 10],
			"rotation": {"angle": 0, "axis": "y", "origin": [13, 2, 4]},
			"faces": {
				"north": {"uv": [6.5, 9.75, 7, 10.25], "texture": "#0"},
				"east": {"uv": [3.5, 5, 5.5, 5.5], "texture": "#0"},
				"south": {"uv": [7, 9.75, 7.5, 10.25], "texture": "#0"},
				"west": {"uv": [0, 5.5, 2, 6], "texture": "#0"},
				"up": {"uv": [2.5, 7.5, 2, 5.5], "texture": "#0"},
				"down": {"uv": [3, 5.5, 2.5, 7.5], "texture": "#0"}
			}
		},
		{
			"from": [1, 2, 2],
			"to": [3, 4, 10],
			"rotation": {"angle": 0, "axis": "y", "origin": [3, 2, 4]},
			"faces": {
				"north": {"uv": [0, 10, 0.5, 10.5], "texture": "#0"},
				"east": {"uv": [5.5, 2.5, 7.5, 3], "texture": "#0"},
				"south": {"uv": [10, 0, 10.5, 0.5], "texture": "#0"},
				"west": {"uv": [3, 5.5, 5, 6], "texture": "#0"},
				"up": {"uv": [6, 5, 5.5, 3], "texture": "#0"},
				"down": {"uv": [5.5, 5.5, 5, 7.5], "texture": "#0"}
			}
		},
		{
			"from": [3, 2, 2],
			"to": [5, 4, 4],
			"rotation": {"angle": 0, "axis": "y", "origin": [3, 2, 2]},
			"faces": {
				"north": {"uv": [0.5, 10, 1, 10.5], "texture": "#0"},
				"east": {"uv": [10, 0.5, 10.5, 1], "texture": "#0"},
				"south": {"uv": [1, 10, 1.5, 10.5], "texture": "#0"},
				"west": {"uv": [10, 1, 10.5, 1.5], "texture": "#0"},
				"up": {"uv": [2, 10.5, 1.5, 10], "texture": "#0"},
				"down": {"uv": [10.5, 1.5, 10, 2], "texture": "#0"}
			}
		},
		{
			"from": [3, 2, 8],
			"to": [5, 4, 10],
			"rotation": {"angle": 0, "axis": "y", "origin": [3, 2, 8]},
			"faces": {
				"north": {"uv": [10, 2, 10.5, 2.5], "texture": "#0"},
				"east": {"uv": [10, 2.5, 10.5, 3], "texture": "#0"},
				"south": {"uv": [10, 3, 10.5, 3.5], "texture": "#0"},
				"west": {"uv": [10, 3.5, 10.5, 4], "texture": "#0"},
				"up": {"uv": [10.5, 4.5, 10, 4], "texture": "#0"},
				"down": {"uv": [10.5, 4.5, 10, 5], "texture": "#0"}
			}
		},
		{
			"from": [9, 2, 2],
			"to": [11, 4, 4],
			"rotation": {"angle": 0, "axis": "y", "origin": [9, 2, 2]},
			"faces": {
				"north": {"uv": [10, 5, 10.5, 5.5], "texture": "#0"},
				"east": {"uv": [10, 5.5, 10.5, 6], "texture": "#0"},
				"south": {"uv": [10, 6, 10.5, 6.5], "texture": "#0"},
				"west": {"uv": [10, 6.5, 10.5, 7], "texture": "#0"},
				"up": {"uv": [10.5, 7.5, 10, 7], "texture": "#0"},
				"down": {"uv": [8, 10, 7.5, 10.5], "texture": "#0"}
			}
		},
		{
			"from": [9, 2, 8],
			"to": [11, 4, 10],
			"rotation": {"angle": 0, "axis": "y", "origin": [9, 2, 8]},
			"faces": {
				"north": {"uv": [10, 7.5, 10.5, 8], "texture": "#0"},
				"east": {"uv": [8, 10, 8.5, 10.5], "texture": "#0"},
				"south": {"uv": [10, 8, 10.5, 8.5], "texture": "#0"},
				"west": {"uv": [8.5, 10, 9, 10.5], "texture": "#0"},
				"up": {"uv": [10.5, 9, 10, 8.5], "texture": "#0"},
				"down": {"uv": [9.5, 10, 9, 10.5], "texture": "#0"}
			}
		},
		{
			"from": [9, 4, 8],
			"to": [11, 6, 10],
			"rotation": {"angle": 0, "axis": "y", "origin": [9, 4, 8]},
			"faces": {
				"north": {"uv": [10, 9, 10.5, 9.5], "texture": "#0"},
				"east": {"uv": [9.5, 10, 10, 10.5], "texture": "#0"},
				"south": {"uv": [10, 9.5, 10.5, 10], "texture": "#0"},
				"west": {"uv": [10, 10, 10.5, 10.5], "texture": "#0"},
				"up": {"uv": [2.5, 10.75, 2, 10.25], "texture": "#0"},
				"down": {"uv": [3, 10.25, 2.5, 10.75], "texture": "#0"}
			}
		},
		{
			"from": [9, 4, 2],
			"to": [11, 6, 4],
			"rotation": {"angle": 0, "axis": "y", "origin": [9, 4, 2]},
			"faces": {
				"north": {"uv": [3, 10.25, 3.5, 10.75], "texture": "#0"},
				"east": {"uv": [3.5, 10.25, 4, 10.75], "texture": "#0"},
				"south": {"uv": [4, 10.25, 4.5, 10.75], "texture": "#0"},
				"west": {"uv": [4.5, 10.25, 5, 10.75], "texture": "#0"},
				"up": {"uv": [5.5, 10.75, 5, 10.25], "texture": "#0"},
				"down": {"uv": [6, 10.25, 5.5, 10.75], "texture": "#0"}
			}
		},
		{
			"from": [3, 4, 8],
			"to": [5, 6, 10],
			"rotation": {"angle": 0, "axis": "y", "origin": [3, 4, 8]},
			"faces": {
				"north": {"uv": [6, 10.25, 6.5, 10.75], "texture": "#0"},
				"east": {"uv": [6.5, 10.25, 7, 10.75], "texture": "#0"},
				"south": {"uv": [7, 10.25, 7.5, 10.75], "texture": "#0"},
				"west": {"uv": [0, 10.5, 0.5, 11], "texture": "#0"},
				"up": {"uv": [11, 0.5, 10.5, 0], "texture": "#0"},
				"down": {"uv": [1, 10.5, 0.5, 11], "texture": "#0"}
			}
		},
		{
			"from": [3, 4, 2],
			"to": [5, 6, 4],
			"rotation": {"angle": 0, "axis": "y", "origin": [3, 4, 2]},
			"faces": {
				"north": {"uv": [10.5, 0.5, 11, 1], "texture": "#0"},
				"east": {"uv": [1, 10.5, 1.5, 11], "texture": "#0"},
				"south": {"uv": [10.5, 1, 11, 1.5], "texture": "#0"},
				"west": {"uv": [1.5, 10.5, 2, 11], "texture": "#0"},
				"up": {"uv": [11, 2, 10.5, 1.5], "texture": "#0"},
				"down": {"uv": [11, 2, 10.5, 2.5], "texture": "#0"}
			}
		},
		{
			"from": [1, 4, 2],
			"to": [3, 6, 10],
			"rotation": {"angle": 0, "axis": "y", "origin": [3, 4, 4]},
			"faces": {
				"north": {"uv": [10.5, 2.5, 11, 3], "texture": "#0"},
				"east": {"uv": [5.5, 5, 7.5, 5.5], "texture": "#0"},
				"south": {"uv": [10.5, 3, 11, 3.5], "texture": "#0"},
				"west": {"uv": [5.5, 5.5, 7.5, 6], "texture": "#0"},
				"up": {"uv": [0.5, 8, 0, 6], "texture": "#0"},
				"down": {"uv": [6.5, 0, 6, 2], "texture": "#0"}
			}
		},
		{
			"from": [11, 4, 2],
			"to": [13, 6, 10],
			"rotation": {"angle": 0, "axis": "y", "origin": [13, 4, 4]},
			"faces": {
				"north": {"uv": [10.5, 3.5, 11, 4], "texture": "#0"},
				"east": {"uv": [6, 2, 8, 2.5], "texture": "#0"},
				"south": {"uv": [10.5, 4, 11, 4.5], "texture": "#0"},
				"west": {"uv": [3, 6, 5, 6.5], "texture": "#0"},
				"up": {"uv": [1, 8, 0.5, 6], "texture": "#0"},
				"down": {"uv": [1.5, 6, 1, 8], "texture": "#0"}
			}
		},
		{
			"from": [3, 4, 10],
			"to": [11, 6, 12],
			"rotation": {"angle": 0, "axis": "y", "origin": [5, 4, 10]},
			"faces": {
				"north": {"uv": [6, 3, 8, 3.5], "texture": "#0"},
				"east": {"uv": [10.5, 4.5, 11, 5], "texture": "#0"},
				"south": {"uv": [6, 3.5, 8, 4], "texture": "#0"},
				"west": {"uv": [10.5, 5, 11, 5.5], "texture": "#0"},
				"up": {"uv": [8, 4.5, 6, 4], "texture": "#0"},
				"down": {"uv": [8, 4.5, 6, 5], "texture": "#0"}
			}
		},
		{
			"from": [3, 4, 0],
			"to": [11, 6, 2],
			"rotation": {"angle": 0, "axis": "y", "origin": [5, 4, 0]},
			"faces": {
				"north": {"uv": [5.5, 6, 7.5, 6.5], "texture": "#0"},
				"east": {"uv": [10.5, 5.5, 11, 6], "texture": "#0"},
				"south": {"uv": [6.5, 0, 8.5, 0.5], "texture": "#0"},
				"west": {"uv": [10.5, 6, 11, 6.5], "texture": "#0"},
				"up": {"uv": [8.5, 1, 6.5, 0.5], "texture": "#0"},
				"down": {"uv": [8.5, 1, 6.5, 1.5], "texture": "#0"}
			}
		},
		{
			"from": [3, 6, 4],
			"to": [5, 8, 8],
			"rotation": {"angle": 0, "axis": "y", "origin": [3, 6, 4]},
			"faces": {
				"north": {"uv": [10.5, 6.5, 11, 7], "texture": "#0"},
				"east": {"uv": [4.5, 7.75, 5.5, 8.25], "texture": "#0"},
				"south": {"uv": [10.5, 7, 11, 7.5], "texture": "#0"},
				"west": {"uv": [5.5, 7.75, 6.5, 8.25], "texture": "#0"},
				"up": {"uv": [3, 4.5, 2.5, 3.5], "texture": "#0"},
				"down": {"uv": [2, 6, 1.5, 7], "texture": "#0"}
			}
		},
		{
			"from": [9, 6, 4],
			"to": [11, 8, 8],
			"rotation": {"angle": 0, "axis": "y", "origin": [9, 6, 4]},
			"faces": {
				"north": {"uv": [7.5, 10.5, 8, 11], "texture": "#0"},
				"east": {"uv": [6.5, 7.75, 7.5, 8.25], "texture": "#0"},
				"south": {"uv": [10.5, 7.5, 11, 8], "texture": "#0"},
				"west": {"uv": [0, 8, 1, 8.5], "texture": "#0"},
				"up": {"uv": [1.5, 9, 1, 8], "texture": "#0"},
				"down": {"uv": [2, 8, 1.5, 9], "texture": "#0"}
			}
		},
		{
			"from": [5, 6, 2],
			"to": [9, 8, 4],
			"rotation": {"angle": 0, "axis": "y", "origin": [5, 6, 4]},
			"faces": {
				"north": {"uv": [8, 2, 9, 2.5], "texture": "#0"},
				"east": {"uv": [8, 10.5, 8.5, 11], "texture": "#0"},
				"south": {"uv": [8, 3, 9, 3.5], "texture": "#0"},
				"west": {"uv": [10.5, 8, 11, 8.5], "texture": "#0"},
				"up": {"uv": [9, 4, 8, 3.5], "texture": "#0"},
				"down": {"uv": [9, 4, 8, 4.5], "texture": "#0"}
			}
		},
		{
			"from": [5, 6, 8],
			"to": [9, 8, 10],
			"rotation": {"angle": 0, "axis": "y", "origin": [5, 6, 10]},
			"faces": {
				"north": {"uv": [8, 4.5, 9, 5], "texture": "#0"},
				"east": {"uv": [8.5, 10.5, 9, 11], "texture": "#0"},
				"south": {"uv": [7.5, 8, 8.5, 8.5], "texture": "#0"},
				"west": {"uv": [10.5, 8.5, 11, 9], "texture": "#0"},
				"up": {"uv": [3, 8.75, 2, 8.25], "texture": "#0"},
				"down": {"uv": [4, 8.25, 3, 8.75], "texture": "#0"}
			}
		},
		{
			"from": [3, 8, 4],
			"to": [5, 9, 8],
			"rotation": {"angle": 0, "axis": "y", "origin": [3, 8, 4]},
			"faces": {
				"north": {"uv": [9, 10.5, 9.5, 11], "texture": "#0"},
				"east": {"uv": [4, 8.25, 5, 8.75], "texture": "#0"},
				"south": {"uv": [10.5, 9, 11, 9.5], "texture": "#0"},
				"west": {"uv": [5, 8.25, 6, 8.75], "texture": "#0"},
				"up": {"uv": [6.5, 9.25, 6, 8.25], "texture": "#0"},
				"down": {"uv": [7, 8.25, 6.5, 9.25], "texture": "#0"}
			}
		},
		{
			"from": [5, 8, 8],
			"to": [9, 9, 10],
			"rotation": {"angle": 0, "axis": "y", "origin": [5, 8, 10]},
			"faces": {
				"north": {"uv": [0, 8.5, 1, 9], "texture": "#0"},
				"east": {"uv": [9.5, 10.5, 10, 11], "texture": "#0"},
				"south": {"uv": [8.5, 0, 9.5, 0.5], "texture": "#0"},
				"west": {"uv": [10.5, 9.5, 11, 10], "texture": "#0"},
				"up": {"uv": [9.5, 1, 8.5, 0.5], "texture": "#0"},
				"down": {"uv": [9.5, 1, 8.5, 1.5], "texture": "#0"}
			}
		},
		{
			"from": [5, 8, 2],
			"to": [9, 9, 4],
			"rotation": {"angle": 0, "axis": "y", "origin": [5, 8, 4]},
			"faces": {
				"north": {"uv": [8.5, 1.5, 9.5, 2], "texture": "#0"},
				"east": {"uv": [10, 10.5, 10.5, 11], "texture": "#0"},
				"south": {"uv": [8.5, 2.5, 9.5, 3], "texture": "#0"},
				"west": {"uv": [10.5, 10, 11, 10.5], "texture": "#0"},
				"up": {"uv": [9.5, 5.5, 8.5, 5], "texture": "#0"},
				"down": {"uv": [9.5, 5.5, 8.5, 6], "texture": "#0"}
			}
		},
		{
			"from": [9, 8, 4],
			"to": [11, 9, 8],
			"rotation": {"angle": 0, "axis": "y", "origin": [9, 8, 4]},
			"faces": {
				"north": {"uv": [10.5, 10.5, 11, 11], "texture": "#0"},
				"east": {"uv": [8.5, 6, 9.5, 6.5], "texture": "#0"},
				"south": {"uv": [2, 10.75, 2.5, 11.25], "texture": "#0"},
				"west": {"uv": [8.5, 6.5, 9.5, 7], "texture": "#0"},
				"up": {"uv": [7.5, 9.25, 7, 8.25], "texture": "#0"},
				"down": {"uv": [9, 7, 8.5, 8], "texture": "#0"}
			}
		},
		{
			"from": [3, 9, 4],
			"to": [5, 11, 8],
			"rotation": {"angle": 0, "axis": "y", "origin": [3, 9, 4]},
			"faces": {
				"north": {"uv": [2.5, 10.75, 3, 11.25], "texture": "#0"},
				"east": {"uv": [7.5, 8.5, 8.5, 9], "texture": "#0"},
				"south": {"uv": [3, 10.75, 3.5, 11.25], "texture": "#0"},
				"west": {"uv": [8.5, 8, 9.5, 8.5], "texture": "#0"},
				"up": {"uv": [9, 9.5, 8.5, 8.5], "texture": "#0"},
				"down": {"uv": [2.5, 8.75, 2, 9.75], "texture": "#0"}
			}
		},
		{
			"from": [5, 9, 8],
			"to": [9, 11, 10],
			"rotation": {"angle": 0, "axis": "y", "origin": [5, 9, 10]},
			"faces": {
				"north": {"uv": [2.5, 8.75, 3.5, 9.25], "texture": "#0"},
				"east": {"uv": [3.5, 10.75, 4, 11.25], "texture": "#0"},
				"south": {"uv": [3.5, 8.75, 4.5, 9.25], "texture": "#0"},
				"west": {"uv": [4, 10.75, 4.5, 11.25], "texture": "#0"},
				"up": {"uv": [5.5, 9.25, 4.5, 8.75], "texture": "#0"},
				"down": {"uv": [1, 9, 0, 9.5], "texture": "#0"}
			}
		},
		{
			"from": [5, 9, 2],
			"to": [9, 11, 4],
			"rotation": {"angle": 0, "axis": "y", "origin": [5, 9, 4]},
			"faces": {
				"north": {"uv": [1, 9, 2, 9.5], "texture": "#0"},
				"east": {"uv": [4.5, 10.75, 5, 11.25], "texture": "#0"},
				"south": {"uv": [9, 2, 10, 2.5], "texture": "#0"},
				"west": {"uv": [5, 10.75, 5.5, 11.25], "texture": "#0"},
				"up": {"uv": [10, 3.5, 9, 3], "texture": "#0"},
				"down": {"uv": [10, 3.5, 9, 4], "texture": "#0"}
			}
		},
		{
			"from": [9, 9, 4],
			"to": [11, 11, 8],
			"rotation": {"angle": 0, "axis": "y", "origin": [9, 9, 4]},
			"faces": {
				"north": {"uv": [5.5, 10.75, 6, 11.25], "texture": "#0"},
				"east": {"uv": [9, 4, 10, 4.5], "texture": "#0"},
				"south": {"uv": [6, 10.75, 6.5, 11.25], "texture": "#0"},
				"west": {"uv": [9, 4.5, 10, 5], "texture": "#0"},
				"up": {"uv": [6, 9.75, 5.5, 8.75], "texture": "#0"},
				"down": {"uv": [9.5, 7, 9, 8], "texture": "#0"}
			}
		},
		{
			"from": [5, 11, 4],
			"to": [9, 14, 8],
			"rotation": {"angle": 0, "axis": "y", "origin": [5, 11, 4]},
			"faces": {
				"north": {"uv": [3, 6.5, 4, 7.25], "texture": "#0"},
				"east": {"uv": [4, 6.5, 5, 7.25], "texture": "#0"},
				"south": {"uv": [5.5, 6.5, 6.5, 7.25], "texture": "#0"},
				"west": {"uv": [6.5, 6.5, 7.5, 7.25], "texture": "#0"},
				"up": {"uv": [2.5, 4.5, 1.5, 3.5], "texture": "#0"},
				"down": {"uv": [1, 4.5, 0, 5.5], "texture": "#0"}
			}
		},
		{
			"from": [6, 14, 5],
			"to": [8, 16, 7],
			"rotation": {"angle": 0, "axis": "y", "origin": [5, 14, 4]},
			"faces": {
				"north": {"uv": [6.5, 10.75, 7, 11.25], "texture": "#0"},
				"east": {"uv": [7, 10.75, 7.5, 11.25], "texture": "#0"},
				"south": {"uv": [0, 11, 0.5, 11.5], "texture": "#0"},
				"west": {"uv": [11, 0, 11.5, 0.5], "texture": "#0"},
				"up": {"uv": [1, 11.5, 0.5, 11], "texture": "#0"},
				"down": {"uv": [11.5, 0.5, 11, 1], "texture": "#0"}
			}
		}
	],
	"display": {
		"head": {
			"rotation": [9.73, -0.56, -8.5],
			"translation": [5.5, 10.25, 6.25],
			"scale": [0.5, 0.6, 0.5]
		}
	},
	"groups": [
		{
			"name": "Base",
			"origin": [8, 8, 8],
			"color": 0,
			"children": [0, 1, 2, 3, 4, 5, 6, 7, 8, 9, 10, 11, 12]
		},
		{
			"name": "Second Layer",
			"origin": [8, 8, 8],
			"color": 0,
			"children": [13, 14, 15, 16, 17, 18, 19, 20, 21, 22, 23, 24, 25, 26, 27, 28]
		},
		{
			"name": "Third Layer",
			"origin": [8, 8, 8],
			"color": 0,
			"children": [29, 30, 31, 32, 33, 34, 35, 36, 37, 38, 39, 40]
		},
		{
			"name": "Foruth Layer",
			"origin": [9, 9, 4],
			"color": 0,
			"children": [41, 42]
		}
	]
}