{
	"credit": "Made with Blockbench",
	"texture_size": [64, 64],
	"textures": {
		"0": "template:item/birthday_hat3",
		"1": "template:item/birthday_star",
		"2": "template:item/strap",
		"particle": "template:item/birthday_hat3"
	},
	"elements": [
		{
			"from": [3, 14, 12],
			"to": [11, 16, 14],
			"rotation": {"angle": 0, "axis": "y", "origin": [9, 14, 12]},
			"faces": {
				"north": {"uv": [0, 0, 2, 0.5], "texture": "#0"},
				"east": {"uv": [1.5, 7, 2, 7.5], "texture": "#0"},
				"south": {"uv": [0, 0.5, 2, 1], "texture": "#0"},
				"west": {"uv": [7.5, 9, 8, 9.5], "texture": "#0"},
				"up": {"uv": [2, 1.5, 0, 1], "texture": "#0"},
				"down": {"uv": [2, 1.5, 0, 2], "texture": "#0"}
			}
		},
		{
			"from": [3, 14, -2],
			"to": [11, 16, 0],
			"rotation": {"angle": 0, "axis": "y", "origin": [9, 14, -2]},
			"faces": {
				"north": {"uv": [0, 2, 2, 2.5], "texture": "#0"},
				"east": {"uv": [8, 9, 8.5, 9.5], "texture": "#0"},
				"south": {"uv": [2, 0, 4, 0.5], "texture": "#0"},
				"west": {"uv": [9, 8.5, 9.5, 9], "texture": "#0"},
				"up": {"uv": [4, 1, 2, 0.5], "texture": "#0"},
				"down": {"uv": [4, 1, 2, 1.5], "texture": "#0"}
			}
		},
		{
			"from": [-1, 14, 2],
			"to": [1, 16, 10],
			"rotation": {"angle": 0, "axis": "y", "origin": [1, 14, 8]},
			"faces": {
				"north": {"uv": [9, 9, 9.5, 9.5], "texture": "#0"},
				"east": {"uv": [2, 1.5, 4, 2], "texture": "#0"},
				"south": {"uv": [2.5, 9.25, 3, 9.75], "texture": "#0"},
				"west": {"uv": [2, 2, 4, 2.5], "texture": "#0"},
				"up": {"uv": [0.5, 4.5, 0, 2.5], "texture": "#0"},
				"down": {"uv": [1, 2.5, 0.5, 4.5], "texture": "#0"}
			}
		},
		{
			"from": [13, 14, 2],
			"to": [15, 16, 10],
			"rotation": {"angle": 0, "axis": "y", "origin": [15, 14, 8]},
			"faces": {
				"north": {"uv": [3, 9.25, 3.5, 9.75], "texture": "#0"},
				"east": {"uv": [1, 2.5, 3, 3], "texture": "#0"},
				"south": {"uv": [3.5, 9.25, 4, 9.75], "texture": "#0"},
				"west": {"uv": [1, 3, 3, 3.5], "texture": "#0"},
				"up": {"uv": [3.5, 4.5, 3, 2.5], "texture": "#0"},
				"down": {"uv": [1.5, 3.5, 1, 5.5], "texture": "#0"}
			}
		},
		{
			"from": [1, 14, 10],
			"to": [5, 16, 12],
			"rotation": {"angle": 0, "axis": "y", "origin": [9, 14, 10]},
			"faces": {
				"north": {"uv": [6.5, 1.5, 7.5, 2], "texture": "#0"},
				"east": {"uv": [4, 9.25, 4.5, 9.75], "texture": "#0"},
				"south": {"uv": [3, 7.25, 4, 7.75], "texture": "#0"},
				"west": {"uv": [4.5, 9.25, 5, 9.75], "texture": "#0"},
				"up": {"uv": [5, 7.75, 4, 7.25], "texture": "#0"},
				"down": {"uv": [6.5, 7.25, 5.5, 7.75], "texture": "#0"}
			}
		},
		{
			"from": [1, 14, 0],
			"to": [5, 16, 2],
			"rotation": {"angle": 0, "axis": "y", "origin": [9, 14, 0]},
			"faces": {
				"north": {"uv": [6.5, 7.25, 7.5, 7.75], "texture": "#0"},
				"east": {"uv": [5, 9.25, 5.5, 9.75], "texture": "#0"},
				"south": {"uv": [1.5, 7.5, 2.5, 8], "texture": "#0"},
				"west": {"uv": [6, 9.25, 6.5, 9.75], "texture": "#0"},
				"up": {"uv": [8.5, 2, 7.5, 1.5], "texture": "#0"},
				"down": {"uv": [8.5, 2.5, 7.5, 3], "texture": "#0"}
			}
		},
		{
			"from": [9, 14, 0],
			"to": [13, 16, 2],
			"rotation": {"angle": 0, "axis": "y", "origin": [17, 14, 0]},
			"faces": {
				"north": {"uv": [7.5, 5, 8.5, 5.5], "texture": "#0"},
				"east": {"uv": [6.5, 9.25, 7, 9.75], "texture": "#0"},
				"south": {"uv": [7.5, 5.5, 8.5, 6], "texture": "#0"},
				"west": {"uv": [7, 9.25, 7.5, 9.75], "texture": "#0"},
				"up": {"uv": [8.5, 6.5, 7.5, 6], "texture": "#0"},
				"down": {"uv": [8.5, 6.5, 7.5, 7], "texture": "#0"}
			}
		},
		{
			"from": [9, 14, 10],
			"to": [13, 16, 12],
			"rotation": {"angle": 0, "axis": "y", "origin": [17, 14, 10]},
			"faces": {
				"north": {"uv": [7.5, 7, 8.5, 7.5], "texture": "#0"},
				"east": {"uv": [0, 9.5, 0.5, 10], "texture": "#0"},
				"south": {"uv": [7.5, 7.5, 8.5, 8], "texture": "#0"},
				"west": {"uv": [9.5, 0, 10, 0.5], "texture": "#0"},
				"up": {"uv": [3.5, 8.25, 2.5, 7.75], "texture": "#0"},
				"down": {"uv": [4.5, 7.75, 3.5, 8.25], "texture": "#0"}
			}
		},
		{
			"from": [1, 14, 8],
			"to": [3, 16, 10],
			"rotation": {"angle": 0, "axis": "y", "origin": [7, 14, 8]},
			"faces": {
				"north": {"uv": [0.5, 9.5, 1, 10], "texture": "#0"},
				"east": {"uv": [9.5, 0.5, 10, 1], "texture": "#0"},
				"south": {"uv": [1, 9.5, 1.5, 10], "texture": "#0"},
				"west": {"uv": [9.5, 1, 10, 1.5], "texture": "#0"},
				"up": {"uv": [2, 10, 1.5, 9.5], "texture": "#0"},
				"down": {"uv": [10, 1.5, 9.5, 2], "texture": "#0"}
			}
		},
		{
			"from": [1, 14, 2],
			"to": [3, 16, 4],
			"rotation": {"angle": 0, "axis": "y", "origin": [7, 14, 2]},
			"faces": {
				"north": {"uv": [9.5, 2.5, 10, 3], "texture": "#0"},
				"east": {"uv": [9.5, 5, 10, 5.5], "texture": "#0"},
				"south": {"uv": [9.5, 5.5, 10, 6], "texture": "#0"},
				"west": {"uv": [9.5, 6, 10, 6.5], "texture": "#0"},
				"up": {"uv": [10, 7, 9.5, 6.5], "texture": "#0"},
				"down": {"uv": [10, 7, 9.5, 7.5], "texture": "#0"}
			}
		},
		{
			"from": [11, 14, 2],
			"to": [13, 16, 4],
			"rotation": {"angle": 0, "axis": "y", "origin": [17, 14, 2]},
			"faces": {
				"north": {"uv": [7.5, 9.5, 8, 10], "texture": "#0"},
				"east": {"uv": [9.5, 7.5, 10, 8], "texture": "#0"},
				"south": {"uv": [8, 9.5, 8.5, 10], "texture": "#0"},
				"west": {"uv": [9.5, 8, 10, 8.5], "texture": "#0"},
				"up": {"uv": [9, 10, 8.5, 9.5], "texture": "#0"},
				"down": {"uv": [10, 8.5, 9.5, 9], "texture": "#0"}
			}
		},
		{
			"from": [11, 14, 8],
			"to": [13, 16, 10],
			"rotation": {"angle": 0, "axis": "y", "origin": [17, 14, 8]},
			"faces": {
				"north": {"uv": [9, 9.5, 9.5, 10], "texture": "#0"},
				"east": {"uv": [9.5, 9, 10, 9.5], "texture": "#0"},
				"south": {"uv": [9.5, 9.5, 10, 10], "texture": "#0"},
				"west": {"uv": [2, 9.75, 2.5, 10.25], "texture": "#0"},
				"up": {"uv": [3, 10.25, 2.5, 9.75], "texture": "#0"},
				"down": {"uv": [3.5, 9.75, 3, 10.25], "texture": "#0"}
			}
		},
		{
			"from": [3, 14, 12],
			"to": [11, 16, 14],
			"rotation": {"angle": 0, "axis": "y", "origin": [9, 14, 12]},
			"faces": {
				"north": {"uv": [3.5, 2.5, 5.5, 3], "texture": "#0"},
				"east": {"uv": [3.5, 9.75, 4, 10.25], "texture": "#0"},
				"south": {"uv": [3.5, 3, 5.5, 3.5], "texture": "#0"},
				"west": {"uv": [4, 9.75, 4.5, 10.25], "texture": "#0"},
				"up": {"uv": [5.5, 4, 3.5, 3.5], "texture": "#0"},
				"down": {"uv": [6, 0, 4, 0.5], "texture": "#0"}
			}
		},
		{
			"from": [3, 16, 0],
			"to": [11, 18, 2],
			"rotation": {"angle": 0, "axis": "y", "origin": [5, 16, 0]},
			"faces": {
				"north": {"uv": [4, 0.5, 6, 1], "texture": "#0"},
				"east": {"uv": [4.5, 9.75, 5, 10.25], "texture": "#0"},
				"south": {"uv": [4, 1, 6, 1.5], "texture": "#0"},
				"west": {"uv": [5, 9.75, 5.5, 10.25], "texture": "#0"},
				"up": {"uv": [6, 2, 4, 1.5], "texture": "#0"},
				"down": {"uv": [6, 2, 4, 2.5], "texture": "#0"}
			}
		},
		{
			"from": [3, 16, 10],
			"to": [11, 18, 12],
			"rotation": {"angle": 0, "axis": "y", "origin": [5, 16, 10]},
			"faces": {
				"north": {"uv": [3.5, 4, 5.5, 4.5], "texture": "#0"},
				"east": {"uv": [5.5, 9.75, 6, 10.25], "texture": "#0"},
				"south": {"uv": [1.5, 4.5, 3.5, 5], "texture": "#0"},
				"west": {"uv": [6, 9.75, 6.5, 10.25], "texture": "#0"},
				"up": {"uv": [5.5, 5, 3.5, 4.5], "texture": "#0"},
				"down": {"uv": [3.5, 5, 1.5, 5.5], "texture": "#0"}
			}
		},
		{
			"from": [11, 16, 2],
			"to": [13, 18, 10],
			"rotation": {"angle": 0, "axis": "y", "origin": [13, 16, 4]},
			"faces": {
				"north": {"uv": [6.5, 9.75, 7, 10.25], "texture": "#0"},
				"east": {"uv": [3.5, 5, 5.5, 5.5], "texture": "#0"},
				"south": {"uv": [7, 9.75, 7.5, 10.25], "texture": "#0"},
				"west": {"uv": [0, 5.5, 2, 6], "texture": "#0"},
				"up": {"uv": [2.5, 7.5, 2, 5.5], "texture": "#0"},
				"down": {"uv": [3, 5.5, 2.5, 7.5], "texture": "#0"}
			}
		},
		{
			"from": [1, 16, 2],
			"to": [3, 18, 10],
			"rotation": {"angle": 0, "axis": "y", "origin": [3, 16, 4]},
			"faces": {
				"north": {"uv": [0, 10, 0.5, 10.5], "texture": "#0"},
				"east": {"uv": [5.5, 2.5, 7.5, 3], "texture": "#0"},
				"south": {"uv": [10, 0, 10.5, 0.5], "texture": "#0"},
				"west": {"uv": [3, 5.5, 5, 6], "texture": "#0"},
				"up": {"uv": [6, 5, 5.5, 3], "texture": "#0"},
				"down": {"uv": [5.5, 5.5, 5, 7.5], "texture": "#0"}
			}
		},
		{
			"from": [3, 16, 2],
			"to": [5, 18, 4],
			"rotation": {"angle": 0, "axis": "y", "origin": [3, 16, 2]},
			"faces": {
				"north": {"uv": [0.5, 10, 1, 10.5], "texture": "#0"},
				"east": {"uv": [10, 0.5, 10.5, 1], "texture": "#0"},
				"south": {"uv": [1, 10, 1.5, 10.5], "texture": "#0"},
				"west": {"uv": [10, 1, 10.5, 1.5], "texture": "#0"},
				"up": {"uv": [2, 10.5, 1.5, 10], "texture": "#0"},
				"down": {"uv": [10.5, 1.5, 10, 2], "texture": "#0"}
			}
		},
		{
			"from": [3, 16, 8],
			"to": [5, 18, 10],
			"rotation": {"angle": 0, "axis": "y", "origin": [3, 16, 8]},
			"faces": {
				"north": {"uv": [10, 2, 10.5, 2.5], "texture": "#0"},
				"east": {"uv": [10, 2.5, 10.5, 3], "texture": "#0"},
				"south": {"uv": [10, 3, 10.5, 3.5], "texture": "#0"},
				"west": {"uv": [10, 3.5, 10.5, 4], "texture": "#0"},
				"up": {"uv": [10.5, 4.5, 10, 4], "texture": "#0"},
				"down": {"uv": [10.5, 4.5, 10, 5], "texture": "#0"}
			}
		},
		{
			"from": [9, 16, 2],
			"to": [11, 18, 4],
			"rotation": {"angle": 0, "axis": "y", "origin": [9, 16, 2]},
			"faces": {
				"north": {"uv": [10, 5, 10.5, 5.5], "texture": "#0"},
				"east": {"uv": [10, 5.5, 10.5, 6], "texture": "#0"},
				"south": {"uv": [10, 6, 10.5, 6.5], "texture": "#0"},
				"west": {"uv": [10, 6.5, 10.5, 7], "texture": "#0"},
				"up": {"uv": [10.5, 7.5, 10, 7], "texture": "#0"},
				"down": {"uv": [8, 10, 7.5, 10.5], "texture": "#0"}
			}
		},
		{
			"from": [9, 16, 8],
			"to": [11, 18, 10],
			"rotation": {"angle": 0, "axis": "y", "origin": [9, 16, 8]},
			"faces": {
				"north": {"uv": [10, 7.5, 10.5, 8], "texture": "#0"},
				"east": {"uv": [8, 10, 8.5, 10.5], "texture": "#0"},
				"south": {"uv": [10, 8, 10.5, 8.5], "texture": "#0"},
				"west": {"uv": [8.5, 10, 9, 10.5], "texture": "#0"},
				"up": {"uv": [10.5, 9, 10, 8.5], "texture": "#0"},
				"down": {"uv": [9.5, 10, 9, 10.5], "texture": "#0"}
			}
		},
		{
			"from": [9, 18, 8],
			"to": [11, 20, 10],
			"rotation": {"angle": 0, "axis": "y", "origin": [9, 18, 8]},
			"faces": {
				"north": {"uv": [10, 9, 10.5, 9.5], "texture": "#0"},
				"east": {"uv": [9.5, 10, 10, 10.5], "texture": "#0"},
				"south": {"uv": [10, 9.5, 10.5, 10], "texture": "#0"},
				"west": {"uv": [10, 10, 10.5, 10.5], "texture": "#0"},
				"up": {"uv": [2.5, 10.75, 2, 10.25], "texture": "#0"},
				"down": {"uv": [3, 10.25, 2.5, 10.75], "texture": "#0"}
			}
		},
		{
			"from": [9, 18, 2],
			"to": [11, 20, 4],
			"rotation": {"angle": 0, "axis": "y", "origin": [9, 18, 2]},
			"faces": {
				"north": {"uv": [3, 10.25, 3.5, 10.75], "texture": "#0"},
				"east": {"uv": [3.5, 10.25, 4, 10.75], "texture": "#0"},
				"south": {"uv": [4, 10.25, 4.5, 10.75], "texture": "#0"},
				"west": {"uv": [4.5, 10.25, 5, 10.75], "texture": "#0"},
				"up": {"uv": [5.5, 10.75, 5, 10.25], "texture": "#0"},
				"down": {"uv": [6, 10.25, 5.5, 10.75], "texture": "#0"}
			}
		},
		{
			"from": [3, 18, 8],
			"to": [5, 20, 10],
			"rotation": {"angle": 0, "axis": "y", "origin": [3, 18, 8]},
			"faces": {
				"north": {"uv": [6, 10.25, 6.5, 10.75], "texture": "#0"},
				"east": {"uv": [6.5, 10.25, 7, 10.75], "texture": "#0"},
				"south": {"uv": [7, 10.25, 7.5, 10.75], "texture": "#0"},
				"west": {"uv": [0, 10.5, 0.5, 11], "texture": "#0"},
				"up": {"uv": [11, 0.5, 10.5, 0], "texture": "#0"},
				"down": {"uv": [1, 10.5, 0.5, 11], "texture": "#0"}
			}
		},
		{
			"from": [3, 18, 2],
			"to": [5, 20, 4],
			"rotation": {"angle": 0, "axis": "y", "origin": [3, 18, 2]},
			"faces": {
				"north": {"uv": [10.5, 0.5, 11, 1], "texture": "#0"},
				"east": {"uv": [1, 10.5, 1.5, 11], "texture": "#0"},
				"south": {"uv": [10.5, 1, 11, 1.5], "texture": "#0"},
				"west": {"uv": [1.5, 10.5, 2, 11], "texture": "#0"},
				"up": {"uv": [11, 2, 10.5, 1.5], "texture": "#0"},
				"down": {"uv": [11, 2, 10.5, 2.5], "texture": "#0"}
			}
		},
		{
			"from": [1, 18, 2],
			"to": [3, 20, 10],
			"rotation": {"angle": 0, "axis": "y", "origin": [3, 18, 4]},
			"faces": {
				"north": {"uv": [10.5, 2.5, 11, 3], "texture": "#0"},
				"east": {"uv": [5.5, 5, 7.5, 5.5], "texture": "#0"},
				"south": {"uv": [10.5, 3, 11, 3.5], "texture": "#0"},
				"west": {"uv": [5.5, 5.5, 7.5, 6], "texture": "#0"},
				"up": {"uv": [0.5, 8, 0, 6], "texture": "#0"},
				"down": {"uv": [6.5, 0, 6, 2], "texture": "#0"}
			}
		},
		{
			"from": [11, 18, 2],
			"to": [13, 20, 10],
			"rotation": {"angle": 0, "axis": "y", "origin": [13, 18, 4]},
			"faces": {
				"north": {"uv": [10.5, 3.5, 11, 4], "texture": "#0"},
				"east": {"uv": [6, 2, 8, 2.5], "texture": "#0"},
				"south": {"uv": [10.5, 4, 11, 4.5], "texture": "#0"},
				"west": {"uv": [3, 6, 5, 6.5], "texture": "#0"},
				"up": {"uv": [1, 8, 0.5, 6], "texture": "#0"},
				"down": {"uv": [1.5, 6, 1, 8], "texture": "#0"}
			}
		},
		{
			"from": [3, 18, 10],
			"to": [11, 20, 12],
			"rotation": {"angle": 0, "axis": "y", "origin": [5, 18, 10]},
			"faces": {
				"north": {"uv": [6, 3, 8, 3.5], "texture": "#0"},
				"east": {"uv": [10.5, 4.5, 11, 5], "texture": "#0"},
				"south": {"uv": [6, 3.5, 8, 4], "texture": "#0"},
				"west": {"uv": [10.5, 5, 11, 5.5], "texture": "#0"},
				"up": {"uv": [8, 4.5, 6, 4], "texture": "#0"},
				"down": {"uv": [8, 4.5, 6, 5], "texture": "#0"}
			}
		},
		{
			"from": [3, 18, 0],
			"to": [11, 20, 2],
			"rotation": {"angle": 0, "axis": "y", "origin": [5, 18, 0]},
			"faces": {
				"north": {"uv": [5.5, 6, 7.5, 6.5], "texture": "#0"},
				"east": {"uv": [10.5, 5.5, 11, 6], "texture": "#0"},
				"south": {"uv": [6.5, 0, 8.5, 0.5], "texture": "#0"},
				"west": {"uv": [10.5, 6, 11, 6.5], "texture": "#0"},
				"up": {"uv": [8.5, 1, 6.5, 0.5], "texture": "#0"},
				"down": {"uv": [8.5, 1, 6.5, 1.5], "texture": "#0"}
			}
		},
		{
			"from": [3, 20, 4],
			"to": [5, 22, 8],
			"rotation": {"angle": 0, "axis": "y", "origin": [3, 20, 4]},
			"faces": {
				"north": {"uv": [10.5, 6.5, 11, 7], "texture": "#0"},
				"east": {"uv": [4.5, 7.75, 5.5, 8.25], "texture": "#0"},
				"south": {"uv": [10.5, 7, 11, 7.5], "texture": "#0"},
				"west": {"uv": [5.5, 7.75, 6.5, 8.25], "texture": "#0"},
				"up": {"uv": [3, 4.5, 2.5, 3.5], "texture": "#0"},
				"down": {"uv": [2, 6, 1.5, 7], "texture": "#0"}
			}
		},
		{
			"from": [9, 20, 4],
			"to": [11, 22, 8],
			"rotation": {"angle": 0, "axis": "y", "origin": [9, 20, 4]},
			"faces": {
				"north": {"uv": [7.5, 10.5, 8, 11], "texture": "#0"},
				"east": {"uv": [6.5, 7.75, 7.5, 8.25], "texture": "#0"},
				"south": {"uv": [10.5, 7.5, 11, 8], "texture": "#0"},
				"west": {"uv": [0, 8, 1, 8.5], "texture": "#0"},
				"up": {"uv": [1.5, 9, 1, 8], "texture": "#0"},
				"down": {"uv": [2, 8, 1.5, 9], "texture": "#0"}
			}
		},
		{
			"from": [5, 20, 2],
			"to": [9, 22, 4],
			"rotation": {"angle": 0, "axis": "y", "origin": [5, 20, 4]},
			"faces": {
				"north": {"uv": [8, 2, 9, 2.5], "texture": "#0"},
				"east": {"uv": [8, 10.5, 8.5, 11], "texture": "#0"},
				"south": {"uv": [8, 3, 9, 3.5], "texture": "#0"},
				"west": {"uv": [10.5, 8, 11, 8.5], "texture": "#0"},
				"up": {"uv": [9, 4, 8, 3.5], "texture": "#0"},
				"down": {"uv": [9, 4, 8, 4.5], "texture": "#0"}
			}
		},
		{
			"from": [5, 20, 8],
			"to": [9, 22, 10],
			"rotation": {"angle": 0, "axis": "y", "origin": [5, 20, 10]},
			"faces": {
				"north": {"uv": [8, 4.5, 9, 5], "texture": "#0"},
				"east": {"uv": [8.5, 10.5, 9, 11], "texture": "#0"},
				"south": {"uv": [7.5, 8, 8.5, 8.5], "texture": "#0"},
				"west": {"uv": [10.5, 8.5, 11, 9], "texture": "#0"},
				"up": {"uv": [3, 8.75, 2, 8.25], "texture": "#0"},
				"down": {"uv": [4, 8.25, 3, 8.75], "texture": "#0"}
			}
		},
		{
			"from": [3, 22, 4],
			"to": [5, 23, 8],
			"rotation": {"angle": 0, "axis": "y", "origin": [3, 22, 4]},
			"faces": {
				"north": {"uv": [9, 10.5, 9.5, 11], "texture": "#0"},
				"east": {"uv": [4, 8.25, 5, 8.75], "texture": "#0"},
				"south": {"uv": [10.5, 9, 11, 9.5], "texture": "#0"},
				"west": {"uv": [5, 8.25, 6, 8.75], "texture": "#0"},
				"up": {"uv": [6.5, 9.25, 6, 8.25], "texture": "#0"},
				"down": {"uv": [7, 8.25, 6.5, 9.25], "texture": "#0"}
			}
		},
		{
			"from": [5, 22, 8],
			"to": [9, 23, 10],
			"rotation": {"angle": 0, "axis": "y", "origin": [5, 22, 10]},
			"faces": {
				"north": {"uv": [0, 8.5, 1, 9], "texture": "#0"},
				"east": {"uv": [9.5, 10.5, 10, 11], "texture": "#0"},
				"south": {"uv": [8.5, 0, 9.5, 0.5], "texture": "#0"},
				"west": {"uv": [10.5, 9.5, 11, 10], "texture": "#0"},
				"up": {"uv": [9.5, 1, 8.5, 0.5], "texture": "#0"},
				"down": {"uv": [9.5, 1, 8.5, 1.5], "texture": "#0"}
			}
		},
		{
			"from": [5, 22, 2],
			"to": [9, 23, 4],
			"rotation": {"angle": 0, "axis": "y", "origin": [5, 22, 4]},
			"faces": {
				"north": {"uv": [8.5, 1.5, 9.5, 2], "texture": "#0"},
				"east": {"uv": [10, 10.5, 10.5, 11], "texture": "#0"},
				"south": {"uv": [8.5, 2.5, 9.5, 3], "texture": "#0"},
				"west": {"uv": [10.5, 10, 11, 10.5], "texture": "#0"},
				"up": {"uv": [9.5, 5.5, 8.5, 5], "texture": "#0"},
				"down": {"uv": [9.5, 5.5, 8.5, 6], "texture": "#0"}
			}
		},
		{
			"from": [9, 22, 4],
			"to": [11, 23, 8],
			"rotation": {"angle": 0, "axis": "y", "origin": [9, 22, 4]},
			"faces": {
				"north": {"uv": [10.5, 10.5, 11, 11], "texture": "#0"},
				"east": {"uv": [8.5, 6, 9.5, 6.5], "texture": "#0"},
				"south": {"uv": [2, 10.75, 2.5, 11.25], "texture": "#0"},
				"west": {"uv": [8.5, 6.5, 9.5, 7], "texture": "#0"},
				"up": {"uv": [7.5, 9.25, 7, 8.25], "texture": "#0"},
				"down": {"uv": [9, 7, 8.5, 8], "texture": "#0"}
			}
		},
		{
			"from": [3, 23, 4],
			"to": [5, 25, 8],
			"rotation": {"angle": 0, "axis": "y", "origin": [3, 23, 4]},
			"faces": {
				"north": {"uv": [2.5, 10.75, 3, 11.25], "texture": "#0"},
				"east": {"uv": [7.5, 8.5, 8.5, 9], "texture": "#0"},
				"south": {"uv": [3, 10.75, 3.5, 11.25], "texture": "#0"},
				"west": {"uv": [8.5, 8, 9.5, 8.5], "texture": "#0"},
				"up": {"uv": [9, 9.5, 8.5, 8.5], "texture": "#0"},
				"down": {"uv": [2.5, 8.75, 2, 9.75], "texture": "#0"}
			}
		},
		{
			"from": [5, 23, 8],
			"to": [9, 25, 10],
			"rotation": {"angle": 0, "axis": "y", "origin": [5, 23, 10]},
			"faces": {
				"north": {"uv": [2.5, 8.75, 3.5, 9.25], "texture": "#0"},
				"east": {"uv": [3.5, 10.75, 4, 11.25], "texture": "#0"},
				"south": {"uv": [3.5, 8.75, 4.5, 9.25], "texture": "#0"},
				"west": {"uv": [4, 10.75, 4.5, 11.25], "texture": "#0"},
				"up": {"uv": [5.5, 9.25, 4.5, 8.75], "texture": "#0"},
				"down": {"uv": [1, 9, 0, 9.5], "texture": "#0"}
			}
		},
		{
			"from": [5, 23, 2],
			"to": [9, 25, 4],
			"rotation": {"angle": 0, "axis": "y", "origin": [5, 23, 4]},
			"faces": {
				"north": {"uv": [1, 9, 2, 9.5], "texture": "#0"},
				"east": {"uv": [4.5, 10.75, 5, 11.25], "texture": "#0"},
				"south": {"uv": [9, 2, 10, 2.5], "texture": "#0"},
				"west": {"uv": [5, 10.75, 5.5, 11.25], "texture": "#0"},
				"up": {"uv": [10, 3.5, 9, 3], "texture": "#0"},
				"down": {"uv": [10, 3.5, 9, 4], "texture": "#0"}
			}
		},
		{
			"from": [9, 23, 4],
			"to": [11, 25, 8],
			"rotation": {"angle": 0, "axis": "y", "origin": [9, 23, 4]},
			"faces": {
				"north": {"uv": [5.5, 10.75, 6, 11.25], "texture": "#0"},
				"east": {"uv": [9, 4, 10, 4.5], "texture": "#0"},
				"south": {"uv": [6, 10.75, 6.5, 11.25], "texture": "#0"},
				"west": {"uv": [9, 4.5, 10, 5], "texture": "#0"},
				"up": {"uv": [6, 9.75, 5.5, 8.75], "texture": "#0"},
				"down": {"uv": [9.5, 7, 9, 8], "texture": "#0"}
			}
		},
		{
			"from": [5, 25, 4],
			"to": [9, 28, 8],
			"rotation": {"angle": 0, "axis": "y", "origin": [5, 25, 4]},
			"faces": {
				"north": {"uv": [3, 6.5, 4, 7.25], "texture": "#0"},
				"east": {"uv": [4, 6.5, 5, 7.25], "texture": "#0"},
				"south": {"uv": [5.5, 6.5, 6.5, 7.25], "texture": "#0"},
				"west": {"uv": [6.5, 6.5, 7.5, 7.25], "texture": "#0"},
				"up": {"uv": [2.5, 4.5, 1.5, 3.5], "texture": "#0"},
				"down": {"uv": [1, 4.5, 0, 5.5], "texture": "#0"}
			}
		},
		{
			"from": [6, 28, 5],
			"to": [8, 30, 7],
			"rotation": {"angle": 0, "axis": "y", "origin": [5, 28, 4]},
			"faces": {
				"north": {"uv": [6.5, 10.75, 7, 11.25], "texture": "#0"},
				"east": {"uv": [7, 10.75, 7.5, 11.25], "texture": "#0"},
				"south": {"uv": [0, 11, 0.5, 11.5], "texture": "#0"},
				"west": {"uv": [11, 0, 11.5, 0.5], "texture": "#0"},
				"up": {"uv": [1, 11.5, 0.5, 11], "texture": "#0"},
				"down": {"uv": [11.5, 0.5, 11, 1], "texture": "#0"}
			}
		},
		{
			"from": [7, 31, 6],
			"to": [8, 32, 7],
			"rotation": {"angle": 0, "axis": "y", "origin": [6, 31, 5]},
			"faces": {
				"north": {"uv": [0, 0, 1, 1], "texture": "#1"},
				"east": {"uv": [0, 1, 1, 2], "texture": "#1"},
				"south": {"uv": [1, 0, 2, 1], "texture": "#1"},
				"west": {"uv": [1, 1, 2, 2], "texture": "#1"},
				"up": {"uv": [1, 3, 0, 2], "texture": "#1"},
				"down": {"uv": [3, 0, 2, 1], "texture": "#1"}
			}
		},
		{
			"from": [7, 30, 6],
			"to": [8, 31, 7],
			"rotation": {"angle": 0, "axis": "y", "origin": [6, 30, 5]},
			"faces": {
				"north": {"uv": [1, 2, 2, 3], "texture": "#1"},
				"east": {"uv": [2, 1, 3, 2], "texture": "#1"},
				"south": {"uv": [2, 2, 3, 3], "texture": "#1"},
				"west": {"uv": [0, 3, 1, 4], "texture": "#1"},
				"up": {"uv": [4, 1, 3, 0], "texture": "#1"},
				"down": {"uv": [2, 3, 1, 4], "texture": "#1"}
			}
		},
		{
			"from": [6, 30, 6],
			"to": [7, 31, 7],
			"rotation": {"angle": 0, "axis": "y", "origin": [5, 30, 5]},
			"faces": {
				"north": {"uv": [3, 1, 4, 2], "texture": "#1"},
				"east": {"uv": [2, 3, 3, 4], "texture": "#1"},
				"south": {"uv": [3, 2, 4, 3], "texture": "#1"},
				"west": {"uv": [3, 3, 4, 4], "texture": "#1"},
				"up": {"uv": [1, 5, 0, 4], "texture": "#1"},
				"down": {"uv": [5, 0, 4, 1], "texture": "#1"}
			}
		},
		{
			"from": [8, 30, 6],
			"to": [9, 31, 7],
			"rotation": {"angle": 0, "axis": "y", "origin": [7, 30, 5]},
			"faces": {
				"north": {"uv": [1, 4, 2, 5], "texture": "#1"},
				"east": {"uv": [4, 1, 5, 2], "texture": "#1"},
				"south": {"uv": [2, 4, 3, 5], "texture": "#1"},
				"west": {"uv": [4, 2, 5, 3], "texture": "#1"},
				"up": {"uv": [4, 5, 3, 4], "texture": "#1"},
				"down": {"uv": [5, 3, 4, 4], "texture": "#1"}
			}
		},
		{
			"from": [7, 30, 5],
			"to": [8, 31, 6],
			"rotation": {"angle": 0, "axis": "y", "origin": [6, 30, 4]},
			"faces": {
				"north": {"uv": [4, 4, 5, 5], "texture": "#1"},
				"east": {"uv": [0, 5, 1, 6], "texture": "#1"},
				"south": {"uv": [5, 0, 6, 1], "texture": "#1"},
				"west": {"uv": [1, 5, 2, 6], "texture": "#1"},
				"up": {"uv": [6, 2, 5, 1], "texture": "#1"},
				"down": {"uv": [3, 5, 2, 6], "texture": "#1"}
			}
		},
		{
			"from": [7, 30, 7],
			"to": [8, 31, 8],
			"rotation": {"angle": 0, "axis": "y", "origin": [6, 30, 6]},
			"faces": {
				"north": {"uv": [5, 2, 6, 3], "texture": "#1"},
				"east": {"uv": [3, 5, 4, 6], "texture": "#1"},
				"south": {"uv": [5, 3, 6, 4], "texture": "#1"},
				"west": {"uv": [4, 5, 5, 6], "texture": "#1"},
				"up": {"uv": [6, 5, 5, 4], "texture": "#1"},
				"down": {"uv": [6, 5, 5, 6], "texture": "#1"}
			}
		},
		{
			"from": [-6, 14, 5],
			"to": [-1, 16, 7],
			"rotation": {"angle": 0, "axis": "y", "origin": [-3, 14, 5]},
			"faces": {
				"north": {"uv": [4, 2, 5.25, 2.5], "texture": "#2"},
				"east": {"uv": [5.25, 2.5, 5.75, 3], "texture": "#2"},
				"south": {"uv": [4, 2.5, 5.25, 3], "texture": "#2"},
				"west": {"uv": [5.25, 3, 5.75, 3.5], "texture": "#2"},
				"up": {"uv": [5.25, 3.5, 4, 3], "texture": "#2"},
				"down": {"uv": [5.25, 3.5, 4, 4], "texture": "#2"}
			}
		},
		{
			"from": [15, 14, 5],
			"to": [20, 16, 7],
			"rotation": {"angle": 0, "axis": "y", "origin": [19, 14, 5]},
			"faces": {
				"north": {"uv": [4, 4, 5.25, 4.5], "texture": "#2"},
				"east": {"uv": [5.25, 3.5, 5.75, 4], "texture": "#2"},
				"south": {"uv": [4, 4.5, 5.25, 5], "texture": "#2"},
				"west": {"uv": [5.25, 4, 5.75, 4.5], "texture": "#2"},
				"up": {"uv": [5.25, 5.5, 4, 5], "texture": "#2"},
				"down": {"uv": [6.5, 2, 5.25, 2.5], "texture": "#2"}
			}
		},
		{
			"from": [-7, -13, 5],
			"to": [-5, 14, 7],
			"rotation": {"angle": 0, "axis": "y", "origin": [-5, 12, 5]},
			"faces": {
				"north": {"uv": [0, 0, 0.5, 6.75], "texture": "#2"},
				"east": {"uv": [0.5, 0, 1, 6.75], "texture": "#2"},
				"south": {"uv": [1, 0, 1.5, 6.75], "texture": "#2"},
				"west": {"uv": [1.5, 0, 2, 6.75], "texture": "#2"},
				"up": {"uv": [5.75, 5, 5.25, 4.5], "texture": "#2"},
				"down": {"uv": [5.75, 5, 5.25, 5.5], "texture": "#2"}
			}
		},
		{
			"from": [-5, -14, 5],
			"to": [20, -12, 7],
			"rotation": {"angle": 0, "axis": "y", "origin": [-5, -12, 5]},
			"faces": {
				"north": {"uv": [4, 0, 10.25, 0.5], "texture": "#2"},
				"east": {"uv": [4, 5.5, 4.5, 6], "texture": "#2"},
				"south": {"uv": [4, 0.5, 10.25, 1], "texture": "#2"},
				"west": {"uv": [4.5, 5.5, 5, 6], "texture": "#2"},
				"up": {"uv": [10.25, 1.5, 4, 1], "texture": "#2"},
				"down": {"uv": [10.25, 1.5, 4, 2], "texture": "#2"}
			}
		},
		{
			"from": [19, -12, 5],
			"to": [21, 14, 7],
			"rotation": {"angle": 0, "axis": "y", "origin": [21, 12, 5]},
			"faces": {
				"north": {"uv": [2, 0, 2.5, 6.5], "texture": "#2"},
				"east": {"uv": [2.5, 0, 3, 6.5], "texture": "#2"},
				"south": {"uv": [3, 0, 3.5, 6.5], "texture": "#2"},
				"west": {"uv": [3.5, 0, 4, 6.5], "texture": "#2"},
				"up": {"uv": [5.5, 6, 5, 5.5], "texture": "#2"},
				"down": {"uv": [6, 5.5, 5.5, 6], "texture": "#2"}
			}
		}
	],
	"display": {
		"thirdperson_righthand": {
			"translation": [0, -3.75, 0],
			"scale": [0.5, 0.5, 0.5]
		},
		"thirdperson_lefthand": {
			"translation": [0, -3.25, 0],
			"scale": [0.5, 0.5, 0.5]
		},
		"firstperson_righthand": {
			"translation": [3.5, -3.25, 0],
			"scale": [0.5, 0.5, 0.5]
		},
		"firstperson_lefthand": {
			"translation": [4, -2.75, 0],
			"scale": [0.5, 0.5, 0.5]
		},
		"ground": {
			"scale": [0.5, 0.5, 0.5]
		},
		"gui": {
			"translation": [0.75, -0.5, 0],
			"scale": [0.25, 0.25, 0.25]
		},
		"head": {
			"rotation": [-90, 0, 0],
			"translation": [0.5, 3.5, -3.75],
			"scale": [0.5, 0.5, 0.5]
		},
		"fixed": {
			"rotation": [-90, 0, 0],
			"translation": [0, 0, 3.5],
			"scale": [0.5, 0.5, 0.5]
		}
	},
	"groups": [
		{
			"name": "Base",
			"origin": [8, 8, 8],
			"color": 0,
			"children": [0, 1, 2, 3, 4, 5, 6, 7, 8, 9, 10, 11, 12]
		},
		{
			"name": "Second Layer",
			"origin": [8, 8, 8],
			"color": 0,
			"children": [13, 14, 15, 16, 17, 18, 19, 20, 21, 22, 23, 24, 25, 26, 27, 28]
		},
		{
			"name": "Third Layer",
			"origin": [8, 8, 8],
			"color": 0,
			"children": [29, 30, 31, 32, 33, 34, 35, 36, 37, 38, 39, 40]
		},
		{
			"name": "Foruth Layer",
			"origin": [9, 9, 4],
			"color": 0,
			"children": [41, 42]
		},
		{
			"name": "Star",
			"origin": [8, 8, 8],
			"color": 0,
			"children": [43, 44, 45, 46, 47, 48]
		},
		{
			"name": "Strap",
			"origin": [8, 8, 8],
			"color": 0,
			"children": [49, 50, 51, 52, 53]
		}
	]
}