{
	"credit": "Made with Blockbench",
	"texture_size": [64, 64],
	"textures": {
		"0": "template:item/eye_amulet",
		"particle": "template:item/eye_amulet"
	},
	"elements": [
		{
			"from": [18, 10, 5],
			"to": [24, 12, 11],
			"rotation": {"angle": 0, "axis": "y", "origin": [16, 10, 5]},
			"faces": {
				"north": {"uv": [2.25, 0.75, 3, 1], "texture": "#0"},
				"east": {"uv": [0, 4, 0.75, 4.25], "texture": "#0"},
				"south": {"uv": [4.5, 1, 5.25, 1.25], "texture": "#0"},
				"west": {"uv": [4.5, 1.25, 5.25, 1.5], "texture": "#0"},
				"up": {"uv": [4.25, 0.75, 3.5, 0], "texture": "#0"},
				"down": {"uv": [1.75, 3.5, 1, 4.25], "texture": "#0"}
			}
		},
		{
			"from": [18, 26, 5],
			"to": [24, 28, 11],
			"rotation": {"angle": 0, "axis": "y", "origin": [16, 26, 5]},
			"faces": {
				"north": {"uv": [4.5, 1.5, 5.25, 1.75], "texture": "#0"},
				"east": {"uv": [4.5, 1.75, 5.25, 2], "texture": "#0"},
				"south": {"uv": [4.5, 2, 5.25, 2.25], "texture": "#0"},
				"west": {"uv": [4.5, 2.25, 5.25, 2.5], "texture": "#0"},
				"up": {"uv": [4.25, 2.25, 3.5, 1.5], "texture": "#0"},
				"down": {"uv": [4.25, 2.25, 3.5, 3], "texture": "#0"}
			}
		},
		{
			"from": [16, 10, 5],
			"to": [18, 12, 11],
			"rotation": {"angle": 0, "axis": "y", "origin": [16, 10, 5]},
			"faces": {
				"north": {"uv": [2, 1.75, 2.25, 2], "texture": "#0"},
				"east": {"uv": [4.5, 2.5, 5.25, 2.75], "texture": "#0"},
				"south": {"uv": [3, 0.75, 3.25, 1], "texture": "#0"},
				"west": {"uv": [4.5, 4.25, 5.25, 4.5], "texture": "#0"},
				"up": {"uv": [1.25, 5.25, 1, 4.5], "texture": "#0"},
				"down": {"uv": [4.75, 4.5, 4.5, 5.25], "texture": "#0"}
			}
		},
		{
			"from": [16, 26, 5],
			"to": [18, 28, 11],
			"rotation": {"angle": 0, "axis": "y", "origin": [16, 26, 5]},
			"faces": {
				"north": {"uv": [3.25, 1.5, 3.5, 1.75], "texture": "#0"},
				"east": {"uv": [4.75, 4, 5.5, 4.25], "texture": "#0"},
				"south": {"uv": [0.75, 4, 1, 4.25], "texture": "#0"},
				"west": {"uv": [4.75, 4.5, 5.5, 4.75], "texture": "#0"},
				"up": {"uv": [5, 5.5, 4.75, 4.75], "texture": "#0"},
				"down": {"uv": [5.25, 4.75, 5, 5.5], "texture": "#0"}
			}
		},
		{
			"from": [18, 10, 3],
			"to": [24, 12, 5],
			"rotation": {"angle": 0, "axis": "y", "origin": [24, 10, 3]},
			"faces": {
				"north": {"uv": [5.25, 1, 6, 1.25], "texture": "#0"},
				"east": {"uv": [1, 5.25, 1.25, 5.5], "texture": "#0"},
				"south": {"uv": [5.25, 1.25, 6, 1.5], "texture": "#0"},
				"west": {"uv": [7.25, 0, 7.5, 0.25], "texture": "#0"},
				"up": {"uv": [6, 1.75, 5.25, 1.5], "texture": "#0"},
				"down": {"uv": [6, 1.75, 5.25, 2], "texture": "#0"}
			}
		},
		{
			"from": [18, 26, 3],
			"to": [24, 28, 5],
			"rotation": {"angle": 0, "axis": "y", "origin": [24, 26, 3]},
			"faces": {
				"north": {"uv": [5.25, 2, 6, 2.25], "texture": "#0"},
				"east": {"uv": [7.25, 0.25, 7.5, 0.5], "texture": "#0"},
				"south": {"uv": [5.25, 2.25, 6, 2.5], "texture": "#0"},
				"west": {"uv": [7.25, 0.5, 7.5, 0.75], "texture": "#0"},
				"up": {"uv": [6, 2.75, 5.25, 2.5], "texture": "#0"},
				"down": {"uv": [6, 4.25, 5.25, 4.5], "texture": "#0"}
			}
		},
		{
			"from": [18, 10, 11],
			"to": [24, 12, 13],
			"rotation": {"angle": 0, "axis": "y", "origin": [24, 10, 11]},
			"faces": {
				"north": {"uv": [5.25, 4.75, 6, 5], "texture": "#0"},
				"east": {"uv": [7.25, 0.75, 7.5, 1], "texture": "#0"},
				"south": {"uv": [5.25, 5, 6, 5.25], "texture": "#0"},
				"west": {"uv": [7.25, 1.25, 7.5, 1.5], "texture": "#0"},
				"up": {"uv": [6, 5.5, 5.25, 5.25], "texture": "#0"},
				"down": {"uv": [6.25, 0, 5.5, 0.25], "texture": "#0"}
			}
		},
		{
			"from": [18, 26, 11],
			"to": [24, 28, 13],
			"rotation": {"angle": 0, "axis": "y", "origin": [24, 26, 11]},
			"faces": {
				"north": {"uv": [5.5, 0.25, 6.25, 0.5], "texture": "#0"},
				"east": {"uv": [7.25, 1.5, 7.5, 1.75], "texture": "#0"},
				"south": {"uv": [5.5, 0.5, 6.25, 0.75], "texture": "#0"},
				"west": {"uv": [7.25, 1.75, 7.5, 2], "texture": "#0"},
				"up": {"uv": [1.75, 5.75, 1, 5.5], "texture": "#0"},
				"down": {"uv": [2.5, 5.5, 1.75, 5.75], "texture": "#0"}
			}
		},
		{
			"from": [24, 10, 5],
			"to": [26, 12, 11],
			"rotation": {"angle": 0, "axis": "y", "origin": [24, 10, 5]},
			"faces": {
				"north": {"uv": [7.25, 2, 7.5, 2.25], "texture": "#0"},
				"east": {"uv": [2.5, 5.5, 3.25, 5.75], "texture": "#0"},
				"south": {"uv": [7.25, 2.25, 7.5, 2.5], "texture": "#0"},
				"west": {"uv": [5.5, 2.75, 6.25, 3], "texture": "#0"},
				"up": {"uv": [4.75, 6, 4.5, 5.25], "texture": "#0"},
				"down": {"uv": [3.5, 5.5, 3.25, 6.25], "texture": "#0"}
			}
		},
		{
			"from": [24, 26, 5],
			"to": [26, 28, 11],
			"rotation": {"angle": 0, "axis": "y", "origin": [24, 26, 5]},
			"faces": {
				"north": {"uv": [7.25, 2.5, 7.5, 2.75], "texture": "#0"},
				"east": {"uv": [3.5, 5.5, 4.25, 5.75], "texture": "#0"},
				"south": {"uv": [3, 7.25, 3.25, 7.5], "texture": "#0"},
				"west": {"uv": [5.5, 3.5, 6.25, 3.75], "texture": "#0"},
				"up": {"uv": [4.5, 6.25, 4.25, 5.5], "texture": "#0"},
				"down": {"uv": [5, 5.5, 4.75, 6.25], "texture": "#0"}
			}
		},
		{
			"from": [18, 12, 13],
			"to": [24, 14, 15],
			"rotation": {"angle": 0, "axis": "y", "origin": [20, 12, 13]},
			"faces": {
				"north": {"uv": [5.5, 3.75, 6.25, 4], "texture": "#0"},
				"east": {"uv": [7.25, 3, 7.5, 3.25], "texture": "#0"},
				"south": {"uv": [5.5, 4, 6.25, 4.25], "texture": "#0"},
				"west": {"uv": [7.25, 3.25, 7.5, 3.5], "texture": "#0"},
				"up": {"uv": [6.25, 4.75, 5.5, 4.5], "texture": "#0"},
				"down": {"uv": [5.75, 5.5, 5, 5.75], "texture": "#0"}
			}
		},
		{
			"from": [18, 24, 13],
			"to": [24, 26, 15],
			"rotation": {"angle": 0, "axis": "y", "origin": [20, 24, 13]},
			"faces": {
				"north": {"uv": [0, 5.75, 0.75, 6], "texture": "#0"},
				"east": {"uv": [7.25, 3.5, 7.5, 3.75], "texture": "#0"},
				"south": {"uv": [0.75, 5.75, 1.5, 6], "texture": "#0"},
				"west": {"uv": [7.25, 3.75, 7.5, 4], "texture": "#0"},
				"up": {"uv": [6.5, 1, 5.75, 0.75], "texture": "#0"},
				"down": {"uv": [2.25, 5.75, 1.5, 6], "texture": "#0"}
			}
		},
		{
			"from": [18, 14, 15],
			"to": [24, 16, 17],
			"rotation": {"angle": 0, "axis": "y", "origin": [20, 14, 15]},
			"faces": {
				"north": {"uv": [2.25, 5.75, 3, 6], "texture": "#0"},
				"east": {"uv": [7.25, 4, 7.5, 4.25], "texture": "#0"},
				"south": {"uv": [5.75, 3, 6.5, 3.25], "texture": "#0"},
				"west": {"uv": [7.25, 4.5, 7.5, 4.75], "texture": "#0"},
				"up": {"uv": [6.5, 3.5, 5.75, 3.25], "texture": "#0"},
				"down": {"uv": [4.25, 5.75, 3.5, 6], "texture": "#0"}
			}
		},
		{
			"from": [18, 22, 15],
			"to": [24, 24, 17],
			"rotation": {"angle": 0, "axis": "y", "origin": [20, 22, 15]},
			"faces": {
				"north": {"uv": [5, 5.75, 5.75, 6], "texture": "#0"},
				"east": {"uv": [4.75, 7.25, 5, 7.5], "texture": "#0"},
				"south": {"uv": [5.75, 5.5, 6.5, 5.75], "texture": "#0"},
				"west": {"uv": [7.25, 4.75, 7.5, 5], "texture": "#0"},
				"up": {"uv": [6.5, 6, 5.75, 5.75], "texture": "#0"},
				"down": {"uv": [0.75, 6, 0, 6.25], "texture": "#0"}
			}
		},
		{
			"from": [26, 12, 5],
			"to": [28, 14, 11],
			"rotation": {"angle": 0, "axis": "y", "origin": [26, 12, 9]},
			"faces": {
				"north": {"uv": [5, 7.25, 5.25, 7.5], "texture": "#0"},
				"east": {"uv": [0.75, 6, 1.5, 6.25], "texture": "#0"},
				"south": {"uv": [7.25, 5, 7.5, 5.25], "texture": "#0"},
				"west": {"uv": [6, 1, 6.75, 1.25], "texture": "#0"},
				"up": {"uv": [3.25, 6.5, 3, 5.75], "texture": "#0"},
				"down": {"uv": [6.25, 1.25, 6, 2], "texture": "#0"}
			}
		},
		{
			"from": [28, 14, 5],
			"to": [30, 16, 11],
			"rotation": {"angle": 0, "axis": "y", "origin": [28, 14, 9]},
			"faces": {
				"north": {"uv": [5.25, 7.25, 5.5, 7.5], "texture": "#0"},
				"east": {"uv": [1.5, 6, 2.25, 6.25], "texture": "#0"},
				"south": {"uv": [7.25, 5.5, 7.5, 5.75], "texture": "#0"},
				"west": {"uv": [6, 2, 6.75, 2.25], "texture": "#0"},
				"up": {"uv": [2.5, 6.75, 2.25, 6], "texture": "#0"},
				"down": {"uv": [2.75, 6, 2.5, 6.75], "texture": "#0"}
			}
		},
		{
			"from": [28, 22, 5],
			"to": [30, 24, 11],
			"rotation": {"angle": 0, "axis": "y", "origin": [28, 22, 9]},
			"faces": {
				"north": {"uv": [7.25, 5.75, 7.5, 6], "texture": "#0"},
				"east": {"uv": [6, 2.25, 6.75, 2.5], "texture": "#0"},
				"south": {"uv": [6, 7.25, 6.25, 7.5], "texture": "#0"},
				"west": {"uv": [6, 2.5, 6.75, 2.75], "texture": "#0"},
				"up": {"uv": [3, 6.75, 2.75, 6], "texture": "#0"},
				"down": {"uv": [3.75, 6, 3.5, 6.75], "texture": "#0"}
			}
		},
		{
			"from": [26, 24, 5],
			"to": [28, 26, 11],
			"rotation": {"angle": 0, "axis": "y", "origin": [26, 24, 9]},
			"faces": {
				"north": {"uv": [6.25, 7.25, 6.5, 7.5], "texture": "#0"},
				"east": {"uv": [6, 4.25, 6.75, 4.5], "texture": "#0"},
				"south": {"uv": [6.5, 7.25, 6.75, 7.5], "texture": "#0"},
				"west": {"uv": [6, 4.75, 6.75, 5], "texture": "#0"},
				"up": {"uv": [4, 6.75, 3.75, 6], "texture": "#0"},
				"down": {"uv": [4.25, 6, 4, 6.75], "texture": "#0"}
			}
		},
		{
			"from": [14, 12, 5],
			"to": [16, 14, 11],
			"rotation": {"angle": 0, "axis": "y", "origin": [14, 12, 9]},
			"faces": {
				"north": {"uv": [7.25, 6.5, 7.5, 6.75], "texture": "#0"},
				"east": {"uv": [5, 6, 5.75, 6.25], "texture": "#0"},
				"south": {"uv": [7.25, 6.75, 7.5, 7], "texture": "#0"},
				"west": {"uv": [6, 5, 6.75, 5.25], "texture": "#0"},
				"up": {"uv": [4.75, 6.75, 4.5, 6], "texture": "#0"},
				"down": {"uv": [6, 6, 5.75, 6.75], "texture": "#0"}
			}
		},
		{
			"from": [14, 24, 5],
			"to": [16, 26, 11],
			"rotation": {"angle": 0, "axis": "y", "origin": [14, 24, 9]},
			"faces": {
				"north": {"uv": [7.25, 7, 7.5, 7.25], "texture": "#0"},
				"east": {"uv": [6, 5.25, 6.75, 5.5], "texture": "#0"},
				"south": {"uv": [7.25, 7.25, 7.5, 7.5], "texture": "#0"},
				"west": {"uv": [6, 6, 6.75, 6.25], "texture": "#0"},
				"up": {"uv": [0.25, 7, 0, 6.25], "texture": "#0"},
				"down": {"uv": [6.5, 0, 6.25, 0.75], "texture": "#0"}
			}
		},
		{
			"from": [12, 14, 5],
			"to": [14, 16, 11],
			"rotation": {"angle": 0, "axis": "y", "origin": [12, 14, 9]},
			"faces": {
				"north": {"uv": [7.5, 0, 7.75, 0.25], "texture": "#0"},
				"east": {"uv": [0.25, 6.25, 1, 6.5], "texture": "#0"},
				"south": {"uv": [0.25, 7.5, 0.5, 7.75], "texture": "#0"},
				"west": {"uv": [1, 6.25, 1.75, 6.5], "texture": "#0"},
				"up": {"uv": [6.5, 2, 6.25, 1.25], "texture": "#0"},
				"down": {"uv": [2, 6.25, 1.75, 7], "texture": "#0"}
			}
		},
		{
			"from": [12, 22, 5],
			"to": [14, 24, 11],
			"rotation": {"angle": 0, "axis": "y", "origin": [12, 22, 9]},
			"faces": {
				"north": {"uv": [7.5, 0.25, 7.75, 0.5], "texture": "#0"},
				"east": {"uv": [6.25, 2.75, 7, 3], "texture": "#0"},
				"south": {"uv": [0.5, 7.5, 0.75, 7.75], "texture": "#0"},
				"west": {"uv": [6.25, 3.5, 7, 3.75], "texture": "#0"},
				"up": {"uv": [2.25, 7, 2, 6.25], "texture": "#0"},
				"down": {"uv": [3.5, 6.25, 3.25, 7], "texture": "#0"}
			}
		},
		{
			"from": [18, 12, 1],
			"to": [24, 14, 3],
			"rotation": {"angle": 0, "axis": "y", "origin": [20, 12, 1]},
			"faces": {
				"north": {"uv": [6.25, 3.75, 7, 4], "texture": "#0"},
				"east": {"uv": [7.5, 0.5, 7.75, 0.75], "texture": "#0"},
				"south": {"uv": [6.25, 4, 7, 4.25], "texture": "#0"},
				"west": {"uv": [0.75, 7.5, 1, 7.75], "texture": "#0"},
				"up": {"uv": [7, 4.75, 6.25, 4.5], "texture": "#0"},
				"down": {"uv": [5.5, 6.25, 4.75, 6.5], "texture": "#0"}
			}
		},
		{
			"from": [18, 24, 1],
			"to": [24, 26, 3],
			"rotation": {"angle": 0, "axis": "y", "origin": [20, 24, 1]},
			"faces": {
				"north": {"uv": [6, 6.25, 6.75, 6.5], "texture": "#0"},
				"east": {"uv": [7.5, 0.75, 7.75, 1], "texture": "#0"},
				"south": {"uv": [6.5, 0, 7.25, 0.25], "texture": "#0"},
				"west": {"uv": [1, 7.5, 1.25, 7.75], "texture": "#0"},
				"up": {"uv": [1, 6.75, 0.25, 6.5], "texture": "#0"},
				"down": {"uv": [7.25, 0.25, 6.5, 0.5], "texture": "#0"}
			}
		},
		{
			"from": [18, 14, -1],
			"to": [24, 16, 1],
			"rotation": {"angle": 0, "axis": "y", "origin": [20, 14, -1]},
			"faces": {
				"north": {"uv": [6.5, 0.5, 7.25, 0.75], "texture": "#0"},
				"east": {"uv": [7.5, 1, 7.75, 1.25], "texture": "#0"},
				"south": {"uv": [6.5, 0.75, 7.25, 1], "texture": "#0"},
				"west": {"uv": [1.25, 7.5, 1.5, 7.75], "texture": "#0"},
				"up": {"uv": [1.75, 6.75, 1, 6.5], "texture": "#0"},
				"down": {"uv": [7.25, 1.25, 6.5, 1.5], "texture": "#0"}
			}
		},
		{
			"from": [18, 22, -1],
			"to": [24, 24, 1],
			"rotation": {"angle": 0, "axis": "y", "origin": [20, 22, -1]},
			"faces": {
				"north": {"uv": [6.5, 1.5, 7.25, 1.75], "texture": "#0"},
				"east": {"uv": [7.5, 1.25, 7.75, 1.5], "texture": "#0"},
				"south": {"uv": [6.5, 1.75, 7.25, 2], "texture": "#0"},
				"west": {"uv": [1.5, 7.5, 1.75, 7.75], "texture": "#0"},
				"up": {"uv": [7.25, 3.25, 6.5, 3], "texture": "#0"},
				"down": {"uv": [7.25, 3.25, 6.5, 3.5], "texture": "#0"}
			}
		},
		{
			"from": [16, 16, -1],
			"to": [26, 22, 1],
			"rotation": {"angle": 0, "axis": "y", "origin": [20, 16, -1]},
			"faces": {
				"north": {"uv": [1, 2, 2.25, 2.75], "texture": "#0"},
				"east": {"uv": [4.25, 6.25, 4.5, 7], "texture": "#0"},
				"south": {"uv": [2, 1, 3.25, 1.75], "texture": "#0"},
				"west": {"uv": [5.5, 6.25, 5.75, 7], "texture": "#0"},
				"up": {"uv": [3.5, 4.25, 2.25, 4], "texture": "#0"},
				"down": {"uv": [4.75, 4, 3.5, 4.25], "texture": "#0"}
			}
		},
		{
			"from": [16, 16, 15],
			"to": [26, 22, 17],
			"rotation": {"angle": 0, "axis": "y", "origin": [20, 16, 15]},
			"faces": {
				"north": {"uv": [2.25, 0, 3.5, 0.75], "texture": "#0"},
				"east": {"uv": [3, 6.5, 3.25, 7.25], "texture": "#0"},
				"south": {"uv": [2.25, 1.75, 3.5, 2.5], "texture": "#0"},
				"west": {"uv": [4.75, 6.5, 5, 7.25], "texture": "#0"},
				"up": {"uv": [1.25, 4.5, 0, 4.25], "texture": "#0"},
				"down": {"uv": [5.5, 0, 4.25, 0.25], "texture": "#0"}
			}
		},
		{
			"from": [12, 16, 3],
			"to": [14, 22, 13],
			"rotation": {"angle": 0, "axis": "y", "origin": [14, 16, 7]},
			"faces": {
				"north": {"uv": [5, 6.5, 5.25, 7.25], "texture": "#0"},
				"east": {"uv": [2.25, 2.5, 3.5, 3.25], "texture": "#0"},
				"south": {"uv": [5.25, 6.5, 5.5, 7.25], "texture": "#0"},
				"west": {"uv": [1, 2.75, 2.25, 3.5], "texture": "#0"},
				"up": {"uv": [1.5, 5.5, 1.25, 4.25], "texture": "#0"},
				"down": {"uv": [1.75, 4.25, 1.5, 5.5], "texture": "#0"}
			}
		},
		{
			"from": [28, 16, 3],
			"to": [30, 22, 13],
			"rotation": {"angle": 0, "axis": "y", "origin": [30, 16, 7]},
			"faces": {
				"north": {"uv": [6, 6.5, 6.25, 7.25], "texture": "#0"},
				"east": {"uv": [3.25, 0.75, 4.5, 1.5], "texture": "#0"},
				"south": {"uv": [6.25, 6.5, 6.5, 7.25], "texture": "#0"},
				"west": {"uv": [2.25, 3.25, 3.5, 4], "texture": "#0"},
				"up": {"uv": [4.5, 2.75, 4.25, 1.5], "texture": "#0"},
				"down": {"uv": [2.5, 4.25, 2.25, 5.5], "texture": "#0"}
			}
		},
		{
			"from": [16, 12, 3],
			"to": [18, 14, 5],
			"rotation": {"angle": 0, "axis": "y", "origin": [16, 12, 3]},
			"faces": {
				"north": {"uv": [7.5, 1.5, 7.75, 1.75], "texture": "#0"},
				"east": {"uv": [7.5, 1.75, 7.75, 2], "texture": "#0"},
				"south": {"uv": [7.5, 2, 7.75, 2.25], "texture": "#0"},
				"west": {"uv": [2.25, 7.5, 2.5, 7.75], "texture": "#0"},
				"up": {"uv": [7.75, 2.5, 7.5, 2.25], "texture": "#0"},
				"down": {"uv": [2.75, 7.5, 2.5, 7.75], "texture": "#0"}
			}
		},
		{
			"from": [16, 24, 3],
			"to": [18, 26, 5],
			"rotation": {"angle": 0, "axis": "y", "origin": [16, 24, 3]},
			"faces": {
				"north": {"uv": [7.5, 2.5, 7.75, 2.75], "texture": "#0"},
				"east": {"uv": [2.75, 7.5, 3, 7.75], "texture": "#0"},
				"south": {"uv": [7.5, 2.75, 7.75, 3], "texture": "#0"},
				"west": {"uv": [3, 7.5, 3.25, 7.75], "texture": "#0"},
				"up": {"uv": [7.75, 3.25, 7.5, 3], "texture": "#0"},
				"down": {"uv": [7.75, 3.25, 7.5, 3.5], "texture": "#0"}
			}
		},
		{
			"from": [14, 14, 3],
			"to": [16, 16, 5],
			"rotation": {"angle": 0, "axis": "y", "origin": [14, 14, 3]},
			"faces": {
				"north": {"uv": [3.5, 7.5, 3.75, 7.75], "texture": "#0"},
				"east": {"uv": [7.5, 3.5, 7.75, 3.75], "texture": "#0"},
				"south": {"uv": [3.75, 7.5, 4, 7.75], "texture": "#0"},
				"west": {"uv": [7.5, 3.75, 7.75, 4], "texture": "#0"},
				"up": {"uv": [4.25, 7.75, 4, 7.5], "texture": "#0"},
				"down": {"uv": [7.75, 4, 7.5, 4.25], "texture": "#0"}
			}
		},
		{
			"from": [14, 22, 3],
			"to": [16, 24, 5],
			"rotation": {"angle": 0, "axis": "y", "origin": [14, 22, 3]},
			"faces": {
				"north": {"uv": [7.5, 4.25, 7.75, 4.5], "texture": "#0"},
				"east": {"uv": [4.5, 7.5, 4.75, 7.75], "texture": "#0"},
				"south": {"uv": [7.5, 4.5, 7.75, 4.75], "texture": "#0"},
				"west": {"uv": [4.75, 7.5, 5, 7.75], "texture": "#0"},
				"up": {"uv": [7.75, 5, 7.5, 4.75], "texture": "#0"},
				"down": {"uv": [5.25, 7.5, 5, 7.75], "texture": "#0"}
			}
		},
		{
			"from": [14, 16, 1],
			"to": [16, 22, 3],
			"rotation": {"angle": 0, "axis": "y", "origin": [14, 16, 1]},
			"faces": {
				"north": {"uv": [6.5, 6.5, 6.75, 7.25], "texture": "#0"},
				"east": {"uv": [0.25, 6.75, 0.5, 7.5], "texture": "#0"},
				"south": {"uv": [0.5, 6.75, 0.75, 7.5], "texture": "#0"},
				"west": {"uv": [0.75, 6.75, 1, 7.5], "texture": "#0"},
				"up": {"uv": [7.75, 5.25, 7.5, 5], "texture": "#0"},
				"down": {"uv": [5.5, 7.5, 5.25, 7.75], "texture": "#0"}
			}
		},
		{
			"from": [26, 14, 3],
			"to": [28, 16, 5],
			"rotation": {"angle": 0, "axis": "y", "origin": [26, 14, 3]},
			"faces": {
				"north": {"uv": [7.5, 5.25, 7.75, 5.5], "texture": "#0"},
				"east": {"uv": [7.5, 5.5, 7.75, 5.75], "texture": "#0"},
				"south": {"uv": [5.75, 7.5, 6, 7.75], "texture": "#0"},
				"west": {"uv": [7.5, 5.75, 7.75, 6], "texture": "#0"},
				"up": {"uv": [6.25, 7.75, 6, 7.5], "texture": "#0"},
				"down": {"uv": [7.75, 6, 7.5, 6.25], "texture": "#0"}
			}
		},
		{
			"from": [26, 22, 3],
			"to": [28, 24, 5],
			"rotation": {"angle": 0, "axis": "y", "origin": [26, 22, 3]},
			"faces": {
				"north": {"uv": [6.25, 7.5, 6.5, 7.75], "texture": "#0"},
				"east": {"uv": [7.5, 6.25, 7.75, 6.5], "texture": "#0"},
				"south": {"uv": [6.5, 7.5, 6.75, 7.75], "texture": "#0"},
				"west": {"uv": [7.5, 6.5, 7.75, 6.75], "texture": "#0"},
				"up": {"uv": [7, 7.75, 6.75, 7.5], "texture": "#0"},
				"down": {"uv": [7.75, 6.75, 7.5, 7], "texture": "#0"}
			}
		},
		{
			"from": [26, 14, 11],
			"to": [28, 16, 13],
			"rotation": {"angle": 0, "axis": "y", "origin": [26, 14, 11]},
			"faces": {
				"north": {"uv": [7, 7.5, 7.25, 7.75], "texture": "#0"},
				"east": {"uv": [7.5, 7, 7.75, 7.25], "texture": "#0"},
				"south": {"uv": [7.25, 7.5, 7.5, 7.75], "texture": "#0"},
				"west": {"uv": [7.5, 7.25, 7.75, 7.5], "texture": "#0"},
				"up": {"uv": [7.75, 7.75, 7.5, 7.5], "texture": "#0"},
				"down": {"uv": [0.25, 7.75, 0, 8], "texture": "#0"}
			}
		},
		{
			"from": [26, 22, 11],
			"to": [28, 24, 13],
			"rotation": {"angle": 0, "axis": "y", "origin": [26, 22, 11]},
			"faces": {
				"north": {"uv": [7.75, 0, 8, 0.25], "texture": "#0"},
				"east": {"uv": [0.25, 7.75, 0.5, 8], "texture": "#0"},
				"south": {"uv": [7.75, 0.25, 8, 0.5], "texture": "#0"},
				"west": {"uv": [0.5, 7.75, 0.75, 8], "texture": "#0"},
				"up": {"uv": [8, 0.75, 7.75, 0.5], "texture": "#0"},
				"down": {"uv": [1, 7.75, 0.75, 8], "texture": "#0"}
			}
		},
		{
			"from": [26, 16, 13],
			"to": [28, 22, 15],
			"rotation": {"angle": 0, "axis": "y", "origin": [26, 16, 13]},
			"faces": {
				"north": {"uv": [1, 6.75, 1.25, 7.5], "texture": "#0"},
				"east": {"uv": [1.25, 6.75, 1.5, 7.5], "texture": "#0"},
				"south": {"uv": [1.5, 6.75, 1.75, 7.5], "texture": "#0"},
				"west": {"uv": [6.75, 2, 7, 2.75], "texture": "#0"},
				"up": {"uv": [8, 1, 7.75, 0.75], "texture": "#0"},
				"down": {"uv": [1.25, 7.75, 1, 8], "texture": "#0"}
			}
		},
		{
			"from": [14, 14, 11],
			"to": [16, 16, 13],
			"rotation": {"angle": 0, "axis": "y", "origin": [14, 14, 11]},
			"faces": {
				"north": {"uv": [7.75, 1, 8, 1.25], "texture": "#0"},
				"east": {"uv": [1.25, 7.75, 1.5, 8], "texture": "#0"},
				"south": {"uv": [7.75, 1.25, 8, 1.5], "texture": "#0"},
				"west": {"uv": [1.5, 7.75, 1.75, 8], "texture": "#0"},
				"up": {"uv": [8, 1.75, 7.75, 1.5], "texture": "#0"},
				"down": {"uv": [2, 7.75, 1.75, 8], "texture": "#0"}
			}
		},
		{
			"from": [14, 22, 11],
			"to": [16, 24, 13],
			"rotation": {"angle": 0, "axis": "y", "origin": [14, 22, 11]},
			"faces": {
				"north": {"uv": [7.75, 1.75, 8, 2], "texture": "#0"},
				"east": {"uv": [2, 7.75, 2.25, 8], "texture": "#0"},
				"south": {"uv": [7.75, 2, 8, 2.25], "texture": "#0"},
				"west": {"uv": [2.25, 7.75, 2.5, 8], "texture": "#0"},
				"up": {"uv": [8, 2.5, 7.75, 2.25], "texture": "#0"},
				"down": {"uv": [2.75, 7.75, 2.5, 8], "texture": "#0"}
			}
		},
		{
			"from": [14, 16, 13],
			"to": [16, 22, 15],
			"rotation": {"angle": 0, "axis": "y", "origin": [14, 16, 13]},
			"faces": {
				"north": {"uv": [2.25, 6.75, 2.5, 7.5], "texture": "#0"},
				"east": {"uv": [2.5, 6.75, 2.75, 7.5], "texture": "#0"},
				"south": {"uv": [2.75, 6.75, 3, 7.5], "texture": "#0"},
				"west": {"uv": [3.5, 6.75, 3.75, 7.5], "texture": "#0"},
				"up": {"uv": [8, 2.75, 7.75, 2.5], "texture": "#0"},
				"down": {"uv": [3, 7.75, 2.75, 8], "texture": "#0"}
			}
		},
		{
			"from": [16, 14, 1],
			"to": [18, 16, 3],
			"rotation": {"angle": 0, "axis": "y", "origin": [16, 14, 1]},
			"faces": {
				"north": {"uv": [7.75, 2.75, 8, 3], "texture": "#0"},
				"east": {"uv": [3, 7.75, 3.25, 8], "texture": "#0"},
				"south": {"uv": [7.75, 3, 8, 3.25], "texture": "#0"},
				"west": {"uv": [3.25, 7.75, 3.5, 8], "texture": "#0"},
				"up": {"uv": [8, 3.5, 7.75, 3.25], "texture": "#0"},
				"down": {"uv": [3.75, 7.75, 3.5, 8], "texture": "#0"}
			}
		},
		{
			"from": [16, 22, 1],
			"to": [18, 24, 3],
			"rotation": {"angle": 0, "axis": "y", "origin": [16, 22, 1]},
			"faces": {
				"north": {"uv": [7.75, 3.5, 8, 3.75], "texture": "#0"},
				"east": {"uv": [3.75, 7.75, 4, 8], "texture": "#0"},
				"south": {"uv": [7.75, 3.75, 8, 4], "texture": "#0"},
				"west": {"uv": [4, 7.75, 4.25, 8], "texture": "#0"},
				"up": {"uv": [8, 4.25, 7.75, 4], "texture": "#0"},
				"down": {"uv": [4.5, 7.75, 4.25, 8], "texture": "#0"}
			}
		},
		{
			"from": [24, 14, 1],
			"to": [26, 16, 3],
			"rotation": {"angle": 0, "axis": "y", "origin": [24, 14, 1]},
			"faces": {
				"north": {"uv": [7.75, 4.25, 8, 4.5], "texture": "#0"},
				"east": {"uv": [4.5, 7.75, 4.75, 8], "texture": "#0"},
				"south": {"uv": [7.75, 4.5, 8, 4.75], "texture": "#0"},
				"west": {"uv": [4.75, 7.75, 5, 8], "texture": "#0"},
				"up": {"uv": [8, 5, 7.75, 4.75], "texture": "#0"},
				"down": {"uv": [5.25, 7.75, 5, 8], "texture": "#0"}
			}
		},
		{
			"from": [24, 22, 1],
			"to": [26, 24, 3],
			"rotation": {"angle": 0, "axis": "y", "origin": [24, 22, 1]},
			"faces": {
				"north": {"uv": [7.75, 5, 8, 5.25], "texture": "#0"},
				"east": {"uv": [5.25, 7.75, 5.5, 8], "texture": "#0"},
				"south": {"uv": [7.75, 5.25, 8, 5.5], "texture": "#0"},
				"west": {"uv": [5.5, 7.75, 5.75, 8], "texture": "#0"},
				"up": {"uv": [8, 5.75, 7.75, 5.5], "texture": "#0"},
				"down": {"uv": [6, 7.75, 5.75, 8], "texture": "#0"}
			}
		},
		{
			"from": [26, 16, 1],
			"to": [28, 22, 3],
			"rotation": {"angle": 0, "axis": "y", "origin": [26, 16, 1]},
			"faces": {
				"north": {"uv": [3.75, 6.75, 4, 7.5], "texture": "#0"},
				"east": {"uv": [4, 6.75, 4.25, 7.5], "texture": "#0"},
				"south": {"uv": [4.5, 6.75, 4.75, 7.5], "texture": "#0"},
				"west": {"uv": [6.75, 4.75, 7, 5.5], "texture": "#0"},
				"up": {"uv": [8, 6, 7.75, 5.75], "texture": "#0"},
				"down": {"uv": [6.25, 7.75, 6, 8], "texture": "#0"}
			}
		},
		{
			"from": [24, 14, 13],
			"to": [26, 16, 15],
			"rotation": {"angle": 0, "axis": "y", "origin": [24, 14, 13]},
			"faces": {
				"north": {"uv": [7.75, 6, 8, 6.25], "texture": "#0"},
				"east": {"uv": [6.25, 7.75, 6.5, 8], "texture": "#0"},
				"south": {"uv": [7.75, 6.25, 8, 6.5], "texture": "#0"},
				"west": {"uv": [6.5, 7.75, 6.75, 8], "texture": "#0"},
				"up": {"uv": [8, 6.75, 7.75, 6.5], "texture": "#0"},
				"down": {"uv": [7, 7.75, 6.75, 8], "texture": "#0"}
			}
		},
		{
			"from": [24, 22, 13],
			"to": [26, 24, 15],
			"rotation": {"angle": 0, "axis": "y", "origin": [24, 22, 13]},
			"faces": {
				"north": {"uv": [7.75, 6.75, 8, 7], "texture": "#0"},
				"east": {"uv": [7, 7.75, 7.25, 8], "texture": "#0"},
				"south": {"uv": [7.75, 7, 8, 7.25], "texture": "#0"},
				"west": {"uv": [7.25, 7.75, 7.5, 8], "texture": "#0"},
				"up": {"uv": [8, 7.5, 7.75, 7.25], "texture": "#0"},
				"down": {"uv": [7.75, 7.75, 7.5, 8], "texture": "#0"}
			}
		},
		{
			"from": [16, 14, 13],
			"to": [18, 16, 15],
			"rotation": {"angle": 0, "axis": "y", "origin": [16, 14, 13]},
			"faces": {
				"north": {"uv": [7.75, 7.5, 8, 7.75], "texture": "#0"},
				"east": {"uv": [7.75, 7.75, 8, 8], "texture": "#0"},
				"south": {"uv": [0, 8, 0.25, 8.25], "texture": "#0"},
				"west": {"uv": [8, 0, 8.25, 0.25], "texture": "#0"},
				"up": {"uv": [0.5, 8.25, 0.25, 8], "texture": "#0"},
				"down": {"uv": [8.25, 0.25, 8, 0.5], "texture": "#0"}
			}
		},
		{
			"from": [16, 22, 13],
			"to": [18, 24, 15],
			"rotation": {"angle": 0, "axis": "y", "origin": [16, 22, 13]},
			"faces": {
				"north": {"uv": [0.5, 8, 0.75, 8.25], "texture": "#0"},
				"east": {"uv": [8, 0.5, 8.25, 0.75], "texture": "#0"},
				"south": {"uv": [0.75, 8, 1, 8.25], "texture": "#0"},
				"west": {"uv": [8, 0.75, 8.25, 1], "texture": "#0"},
				"up": {"uv": [1.25, 8.25, 1, 8], "texture": "#0"},
				"down": {"uv": [8.25, 1, 8, 1.25], "texture": "#0"}
			}
		},
		{
			"from": [16, 12, 11],
			"to": [18, 14, 13],
			"rotation": {"angle": 0, "axis": "y", "origin": [16, 12, 11]},
			"faces": {
				"north": {"uv": [1.25, 8, 1.5, 8.25], "texture": "#0"},
				"east": {"uv": [8, 1.25, 8.25, 1.5], "texture": "#0"},
				"south": {"uv": [1.5, 8, 1.75, 8.25], "texture": "#0"},
				"west": {"uv": [8, 1.5, 8.25, 1.75], "texture": "#0"},
				"up": {"uv": [2, 8.25, 1.75, 8], "texture": "#0"},
				"down": {"uv": [8.25, 1.75, 8, 2], "texture": "#0"}
			}
		},
		{
			"from": [16, 24, 11],
			"to": [18, 26, 13],
			"rotation": {"angle": 0, "axis": "y", "origin": [16, 24, 11]},
			"faces": {
				"north": {"uv": [2, 8, 2.25, 8.25], "texture": "#0"},
				"east": {"uv": [8, 2, 8.25, 2.25], "texture": "#0"},
				"south": {"uv": [2.25, 8, 2.5, 8.25], "texture": "#0"},
				"west": {"uv": [8, 2.25, 8.25, 2.5], "texture": "#0"},
				"up": {"uv": [2.75, 8.25, 2.5, 8], "texture": "#0"},
				"down": {"uv": [8.25, 2.5, 8, 2.75], "texture": "#0"}
			}
		},
		{
			"from": [24, 12, 11],
			"to": [26, 14, 13],
			"rotation": {"angle": 0, "axis": "y", "origin": [24, 12, 11]},
			"faces": {
				"north": {"uv": [2.75, 8, 3, 8.25], "texture": "#0"},
				"east": {"uv": [8, 2.75, 8.25, 3], "texture": "#0"},
				"south": {"uv": [3, 8, 3.25, 8.25], "texture": "#0"},
				"west": {"uv": [8, 3, 8.25, 3.25], "texture": "#0"},
				"up": {"uv": [3.5, 8.25, 3.25, 8], "texture": "#0"},
				"down": {"uv": [8.25, 3.25, 8, 3.5], "texture": "#0"}
			}
		},
		{
			"from": [24, 24, 11],
			"to": [26, 26, 13],
			"rotation": {"angle": 0, "axis": "y", "origin": [24, 24, 11]},
			"faces": {
				"north": {"uv": [3.5, 8, 3.75, 8.25], "texture": "#0"},
				"east": {"uv": [8, 3.5, 8.25, 3.75], "texture": "#0"},
				"south": {"uv": [3.75, 8, 4, 8.25], "texture": "#0"},
				"west": {"uv": [8, 3.75, 8.25, 4], "texture": "#0"},
				"up": {"uv": [4.25, 8.25, 4, 8], "texture": "#0"},
				"down": {"uv": [8.25, 4, 8, 4.25], "texture": "#0"}
			}
		},
		{
			"from": [24, 12, 3],
			"to": [26, 14, 5],
			"rotation": {"angle": 0, "axis": "y", "origin": [24, 12, 3]},
			"faces": {
				"north": {"uv": [4.25, 8, 4.5, 8.25], "texture": "#0"},
				"east": {"uv": [8, 4.25, 8.25, 4.5], "texture": "#0"},
				"south": {"uv": [4.5, 8, 4.75, 8.25], "texture": "#0"},
				"west": {"uv": [8, 4.5, 8.25, 4.75], "texture": "#0"},
				"up": {"uv": [5, 8.25, 4.75, 8], "texture": "#0"},
				"down": {"uv": [8.25, 4.75, 8, 5], "texture": "#0"}
			}
		},
		{
			"from": [24, 24, 3],
			"to": [26, 26, 5],
			"rotation": {"angle": 0, "axis": "y", "origin": [24, 24, 3]},
			"faces": {
				"north": {"uv": [5, 8, 5.25, 8.25], "texture": "#0"},
				"east": {"uv": [8, 5, 8.25, 5.25], "texture": "#0"},
				"south": {"uv": [5.25, 8, 5.5, 8.25], "texture": "#0"},
				"west": {"uv": [8, 5.25, 8.25, 5.5], "texture": "#0"},
				"up": {"uv": [5.75, 8.25, 5.5, 8], "texture": "#0"},
				"down": {"uv": [8.25, 5.5, 8, 5.75], "texture": "#0"}
			}
		},
		{
			"from": [4, 14, 1],
			"to": [6, 24, 3],
			"rotation": {"angle": 0, "axis": "z", "origin": [6, 18, 5]},
			"faces": {
				"north": {"uv": [2.5, 4.25, 2.75, 5.5], "texture": "#0"},
				"east": {"uv": [2.75, 4.25, 3, 5.5], "texture": "#0"},
				"south": {"uv": [3, 4.25, 3.25, 5.5], "texture": "#0"},
				"west": {"uv": [3.25, 4.25, 3.5, 5.5], "texture": "#0"},
				"up": {"uv": [6, 8.25, 5.75, 8], "texture": "#0"},
				"down": {"uv": [8.25, 5.75, 8, 6], "texture": "#0"}
			}
		},
		{
			"from": [-12, 26, 6],
			"to": [6, 28, 10],
			"rotation": {"angle": 0, "axis": "z", "origin": [2, 26, 11]},
			"faces": {
				"north": {"uv": [3.5, 3, 5.75, 3.25], "texture": "#0"},
				"east": {"uv": [7, 2.75, 7.5, 3], "texture": "#0"},
				"south": {"uv": [3.5, 3.25, 5.75, 3.5], "texture": "#0"},
				"west": {"uv": [7, 5.25, 7.5, 5.5], "texture": "#0"},
				"up": {"uv": [2.25, 0.5, 0, 0], "texture": "#0"},
				"down": {"uv": [2.25, 0.5, 0, 1], "texture": "#0"}
			}
		},
		{
			"from": [-10, 10, 6],
			"to": [6, 12, 10],
			"rotation": {"angle": 0, "axis": "z", "origin": [2, 10, 11]},
			"faces": {
				"north": {"uv": [3.5, 3.5, 5.5, 3.75], "texture": "#0"},
				"east": {"uv": [7, 6, 7.5, 6.25], "texture": "#0"},
				"south": {"uv": [3.5, 3.75, 5.5, 4], "texture": "#0"},
				"west": {"uv": [7, 6.25, 7.5, 6.5], "texture": "#0"},
				"up": {"uv": [2, 1.5, 0, 1], "texture": "#0"},
				"down": {"uv": [2, 1.5, 0, 2], "texture": "#0"}
			}
		},
		{
			"from": [-12, 10, 6],
			"to": [-10, 26, 10],
			"rotation": {"angle": 0, "axis": "z", "origin": [-10, 22, 11]},
			"faces": {
				"north": {"uv": [1.75, 3.5, 2, 5.5], "texture": "#0"},
				"east": {"uv": [0, 2, 0.5, 4], "texture": "#0"},
				"south": {"uv": [2, 3.5, 2.25, 5.5], "texture": "#0"},
				"west": {"uv": [0.5, 2, 1, 4], "texture": "#0"},
				"up": {"uv": [7.25, 7, 7, 6.5], "texture": "#0"},
				"down": {"uv": [7.25, 7, 7, 7.5], "texture": "#0"}
			}
		},
		{
			"from": [4, 14, 13],
			"to": [6, 24, 15],
			"rotation": {"angle": 0, "axis": "y", "origin": [6, 18, 17]},
			"faces": {
				"north": {"uv": [3.5, 4.25, 3.75, 5.5], "texture": "#0"},
				"east": {"uv": [3.75, 4.25, 4, 5.5], "texture": "#0"},
				"south": {"uv": [4, 4.25, 4.25, 5.5], "texture": "#0"},
				"west": {"uv": [4.25, 4.25, 4.5, 5.5], "texture": "#0"},
				"up": {"uv": [6.25, 8.25, 6, 8], "texture": "#0"},
				"down": {"uv": [8.25, 6, 8, 6.25], "texture": "#0"}
			}
		},
		{
			"from": [4, 24, 3],
			"to": [6, 26, 13],
			"rotation": {"angle": 0, "axis": "x", "origin": [6, 28, 9]},
			"faces": {
				"north": {"uv": [6.25, 8, 6.5, 8.25], "texture": "#0"},
				"east": {"uv": [4.25, 0.25, 5.5, 0.5], "texture": "#0"},
				"south": {"uv": [8, 6.25, 8.25, 6.5], "texture": "#0"},
				"west": {"uv": [4.25, 0.5, 5.5, 0.75], "texture": "#0"},
				"up": {"uv": [0.25, 5.75, 0, 4.5], "texture": "#0"},
				"down": {"uv": [0.5, 4.5, 0.25, 5.75], "texture": "#0"}
			}
		},
		{
			"from": [4, 12, 3],
			"to": [6, 14, 13],
			"rotation": {"angle": 0, "axis": "x", "origin": [6, 16, 9]},
			"faces": {
				"north": {"uv": [6.5, 8, 6.75, 8.25], "texture": "#0"},
				"east": {"uv": [4.25, 2.75, 5.5, 3], "texture": "#0"},
				"south": {"uv": [8, 6.5, 8.25, 6.75], "texture": "#0"},
				"west": {"uv": [4.5, 0.75, 5.75, 1], "texture": "#0"},
				"up": {"uv": [0.75, 5.75, 0.5, 4.5], "texture": "#0"},
				"down": {"uv": [1, 4.5, 0.75, 5.75], "texture": "#0"}
			}
		},
		{
			"from": [4, 14, 3],
			"to": [6, 16, 5],
			"rotation": {"angle": 0, "axis": "x", "origin": [6, 18, 9]},
			"faces": {
				"north": {"uv": [6.75, 8, 7, 8.25], "texture": "#0"},
				"east": {"uv": [8, 6.75, 8.25, 7], "texture": "#0"},
				"south": {"uv": [7, 8, 7.25, 8.25], "texture": "#0"},
				"west": {"uv": [8, 7, 8.25, 7.25], "texture": "#0"},
				"up": {"uv": [7.5, 8.25, 7.25, 8], "texture": "#0"},
				"down": {"uv": [8.25, 7.25, 8, 7.5], "texture": "#0"}
			}
		},
		{
			"from": [4, 14, 11],
			"to": [6, 16, 13],
			"rotation": {"angle": 0, "axis": "x", "origin": [6, 18, 17]},
			"faces": {
				"north": {"uv": [7.5, 8, 7.75, 8.25], "texture": "#0"},
				"east": {"uv": [8, 7.5, 8.25, 7.75], "texture": "#0"},
				"south": {"uv": [7.75, 8, 8, 8.25], "texture": "#0"},
				"west": {"uv": [8, 7.75, 8.25, 8], "texture": "#0"},
				"up": {"uv": [8.25, 8.25, 8, 8], "texture": "#0"},
				"down": {"uv": [0.25, 8.25, 0, 8.5], "texture": "#0"}
			}
		},
		{
			"from": [4, 22, 11],
			"to": [6, 24, 13],
			"rotation": {"angle": 0, "axis": "x", "origin": [6, 26, 17]},
			"faces": {
				"north": {"uv": [8.25, 0, 8.5, 0.25], "texture": "#0"},
				"east": {"uv": [0.25, 8.25, 0.5, 8.5], "texture": "#0"},
				"south": {"uv": [8.25, 0.25, 8.5, 0.5], "texture": "#0"},
				"west": {"uv": [0.5, 8.25, 0.75, 8.5], "texture": "#0"},
				"up": {"uv": [8.5, 0.75, 8.25, 0.5], "texture": "#0"},
				"down": {"uv": [1, 8.25, 0.75, 8.5], "texture": "#0"}
			}
		},
		{
			"from": [4, 22, 3],
			"to": [6, 24, 5],
			"rotation": {"angle": 0, "axis": "x", "origin": [6, 26, 9]},
			"faces": {
				"north": {"uv": [8.25, 0.75, 8.5, 1], "texture": "#0"},
				"east": {"uv": [1, 8.25, 1.25, 8.5], "texture": "#0"},
				"south": {"uv": [8.25, 1, 8.5, 1.25], "texture": "#0"},
				"west": {"uv": [1.25, 8.25, 1.5, 8.5], "texture": "#0"},
				"up": {"uv": [8.5, 1.5, 8.25, 1.25], "texture": "#0"},
				"down": {"uv": [1.75, 8.25, 1.5, 8.5], "texture": "#0"}
			}
		},
		{
			"from": [6, 22, 5],
			"to": [8, 24, 11],
			"rotation": {"angle": 0, "axis": "x", "origin": [8, 26, 11]},
			"faces": {
				"north": {"uv": [8.25, 1.5, 8.5, 1.75], "texture": "#0"},
				"east": {"uv": [6.5, 5.5, 7.25, 5.75], "texture": "#0"},
				"south": {"uv": [1.75, 8.25, 2, 8.5], "texture": "#0"},
				"west": {"uv": [6.5, 5.75, 7.25, 6], "texture": "#0"},
				"up": {"uv": [6, 7.5, 5.75, 6.75], "texture": "#0"},
				"down": {"uv": [7, 6, 6.75, 6.75], "texture": "#0"}
			}
		},
		{
			"from": [6, 14, 5],
			"to": [8, 16, 11],
			"rotation": {"angle": 0, "axis": "x", "origin": [8, 18, 11]},
			"faces": {
				"north": {"uv": [8.25, 1.75, 8.5, 2], "texture": "#0"},
				"east": {"uv": [6.75, 1, 7.5, 1.25], "texture": "#0"},
				"south": {"uv": [2, 8.25, 2.25, 8.5], "texture": "#0"},
				"west": {"uv": [6.75, 4.25, 7.5, 4.5], "texture": "#0"},
				"up": {"uv": [7, 7.5, 6.75, 6.75], "texture": "#0"},
				"down": {"uv": [0.25, 7, 0, 7.75], "texture": "#0"}
			}
		},
		{
			"from": [6, 16, 11],
			"to": [8, 22, 13],
			"rotation": {"angle": 0, "axis": "x", "origin": [8, 22, 9]},
			"faces": {
				"north": {"uv": [1.75, 7, 2, 7.75], "texture": "#0"},
				"east": {"uv": [2, 7, 2.25, 7.75], "texture": "#0"},
				"south": {"uv": [7, 2, 7.25, 2.75], "texture": "#0"},
				"west": {"uv": [3.25, 7, 3.5, 7.75], "texture": "#0"},
				"up": {"uv": [8.5, 2.25, 8.25, 2], "texture": "#0"},
				"down": {"uv": [2.5, 8.25, 2.25, 8.5], "texture": "#0"}
			}
		},
		{
			"from": [6, 16, 3],
			"to": [8, 22, 5],
			"rotation": {"angle": 0, "axis": "x", "origin": [8, 22, 1]},
			"faces": {
				"north": {"uv": [7, 3.5, 7.25, 4.25], "texture": "#0"},
				"east": {"uv": [4.25, 7, 4.5, 7.75], "texture": "#0"},
				"south": {"uv": [7, 4.5, 7.25, 5.25], "texture": "#0"},
				"west": {"uv": [5.5, 7, 5.75, 7.75], "texture": "#0"},
				"up": {"uv": [8.5, 2.5, 8.25, 2.25], "texture": "#0"},
				"down": {"uv": [2.75, 8.25, 2.5, 8.5], "texture": "#0"}
			}
		}
	],
	"display": {
		"thirdperson_righthand": {
			"translation": [2.75, -4.75, 2.5],
			"scale": [0.25, 0.25, 0.25]
		},
		"thirdperson_lefthand": {
			"rotation": [0, 180, 0],
			"translation": [2.75, -4.75, 2.5],
			"scale": [0.25, 0.25, 0.25]
		},
		"firstperson_righthand": {
			"rotation": [0, -117, 1],
			"translation": [6.5, 1, -13],
			"scale": [0.5, 0.5, 0.5]
		},
		"firstperson_lefthand": {
			"rotation": [0, 56, 0],
			"translation": [6.5, 1, -13],
			"scale": [0.5, 0.5, 0.5]
		},
		"ground": {
			"rotation": [0, 0, 90]
		},
		"gui": {
			"rotation": [0, -90, 0],
			"translation": [0, -7.75, 0],
			"scale": [0.7, 0.7, 0.7]
		},
		"head": {
			"rotation": [-180, 90, -180],
			"translation": [0, -4.5, -6.5],
			"scale": [0.4, 0.4, 0.4]
		},
		"fixed": {
			"rotation": [0, 90, 0],
			"translation": [0, -8, -1.25],
			"scale": [0.7, 0.7, 0.7]
		}
	},
	"groups": [
		{
			"name": "Sphere",
			"origin": [8, 8, 8],
			"color": 0,
			"children": [
				0,
				1,
				2,
				3,
				4,
				5,
				6,
				7,
				8,
				9,
				10,
				11,
				12,
				13,
				14,
				15,
				16,
				17,
				18,
				19,
				20,
				21,
				22,
				23,
				24,
				25,
				26,
				27,
				28,
				29,
				30,
				31,
				32,
				33,
				34,
				35,
				36,
				37,
				38,
				39,
				40,
				41,
				42,
				43,
				44,
				45,
				46,
				47,
				48,
				49,
				50,
				51,
				52,
				53,
				54,
				55,
				56,
				57
			]
		},
		{
			"name": "Amulet",
			"origin": [8, 8, 8],
			"color": 0,
			"children": [58, 59, 60, 61, 62, 63, 64, 65, 66, 67, 68, 69, 70, 71, 72]
		}
	]
}