{
	"credit": "Made with Blockbench",
	"texture_size": [64, 64],
	"textures": {
		"0": "template:item/frogtexture",
		"particle": "template:item/frogtexture"
	},
	"elements": [
		{
			"from": [5, 9, 12],
			"to": [15, 17, 14],
			"rotation": {"angle": 0, "axis": "y", "origin": [7, 8, 12]},
			"faces": {
				"north": {"uv": [0, 0, 2.5, 2.25], "texture": "#0"},
				"east": {"uv": [3.5, 7.25, 4, 9.5], "texture": "#0"},
				"south": {"uv": [0, 2.25, 2.5, 4.5], "texture": "#0"},
				"west": {"uv": [4, 7.25, 4.5, 9.5], "texture": "#0"},
				"up": {"uv": [7.5, 3.75, 5, 3.25], "texture": "#0"},
				"down": {"uv": [7.5, 3.75, 5, 4.25], "texture": "#0"}
			}
		},
		{
			"from": [5, 17, 11],
			"to": [16, 18, 13],
			"rotation": {"angle": 0, "axis": "y", "origin": [7, 16, 13]},
			"faces": {
				"north": {"uv": [4.5, 6.25, 7, 6.75], "texture": "#0"},
				"east": {"uv": [9.5, 5.25, 10, 5.75], "texture": "#0"},
				"south": {"uv": [0, 6.75, 2.5, 7.25], "texture": "#0"},
				"west": {"uv": [9.5, 5.75, 10, 6.25], "texture": "#0"},
				"up": {"uv": [5, 7.25, 2.5, 6.75], "texture": "#0"},
				"down": {"uv": [7.5, 6.75, 5, 7.25], "texture": "#0"}
			}
		},
		{
			"from": [5, 18, 4],
			"to": [15, 19, 13],
			"rotation": {"angle": 0, "axis": "y", "origin": [7, 18, 12]},
			"faces": {
				"north": {"uv": [8, 1.5, 10.5, 1.75], "texture": "#0"},
				"east": {"uv": [5, 4.25, 6.75, 4.5], "texture": "#0"},
				"south": {"uv": [8, 1.75, 10.5, 2], "texture": "#0"},
				"west": {"uv": [3, 9.5, 4.75, 9.75], "texture": "#0"},
				"up": {"uv": [7, 6.25, 4.5, 4.5], "texture": "#0"},
				"down": {"uv": [7.5, 0, 5, 1.75], "texture": "#0"}
			}
		},
		{
			"from": [15, 18, 5],
			"to": [16, 19, 12],
			"rotation": {"angle": 0, "axis": "y", "origin": [8, 18, 12]},
			"faces": {
				"north": {"uv": [8, 1.5, 10.5, 1.75], "texture": "#0"},
				"east": {"uv": [5, 4.25, 6.75, 4.5], "texture": "#0"},
				"south": {"uv": [8, 1.75, 10.5, 2], "texture": "#0"},
				"west": {"uv": [3, 9.5, 4.75, 9.75], "texture": "#0"},
				"up": {"uv": [7, 6.25, 4.5, 4.5], "texture": "#0"},
				"down": {"uv": [7.5, 0, 5, 1.75], "texture": "#0"}
			}
		},
		{
			"from": [15, 16, 12],
			"to": [16, 17, 14],
			"rotation": {"angle": 0, "axis": "y", "origin": [8, 16, 14]},
			"faces": {
				"north": {"uv": [8, 1.5, 10.5, 1.75], "texture": "#0"},
				"east": {"uv": [5, 4.25, 6.75, 4.5], "texture": "#0"},
				"south": {"uv": [8, 1.75, 10.5, 2], "texture": "#0"},
				"west": {"uv": [3, 9.5, 4.75, 9.75], "texture": "#0"},
				"up": {"uv": [7, 6.25, 4.5, 4.5], "texture": "#0"},
				"down": {"uv": [7.5, 0, 5, 1.75], "texture": "#0"}
			}
		},
		{
			"from": [15, 16, 3],
			"to": [16, 17, 5],
			"rotation": {"angle": 0, "axis": "y", "origin": [8, 16, 5]},
			"faces": {
				"north": {"uv": [8, 1.5, 10.5, 1.75], "texture": "#0"},
				"east": {"uv": [5, 4.25, 6.75, 4.5], "texture": "#0"},
				"south": {"uv": [8, 1.75, 10.5, 2], "texture": "#0"},
				"west": {"uv": [3, 9.5, 4.75, 9.75], "texture": "#0"},
				"up": {"uv": [7, 6.25, 4.5, 4.5], "texture": "#0"},
				"down": {"uv": [7.5, 0, 5, 1.75], "texture": "#0"}
			}
		},
		{
			"from": [5, 17, 4],
			"to": [16, 18, 6],
			"rotation": {"angle": 0, "axis": "y", "origin": [7, 16, 6]},
			"faces": {
				"north": {"uv": [7, 4.25, 9.5, 4.75], "texture": "#0"},
				"east": {"uv": [9.5, 6.25, 10, 6.75], "texture": "#0"},
				"south": {"uv": [7, 4.75, 9.5, 5.25], "texture": "#0"},
				"west": {"uv": [6.5, 9.5, 7, 10], "texture": "#0"},
				"up": {"uv": [9.5, 5.75, 7, 5.25], "texture": "#0"},
				"down": {"uv": [9.5, 5.75, 7, 6.25], "texture": "#0"}
			}
		},
		{
			"from": [5, 9, 3],
			"to": [15, 17, 5],
			"rotation": {"angle": 0, "axis": "y", "origin": [7, 8, 3]},
			"faces": {
				"north": {"uv": [2.5, 0, 5, 2.25], "texture": "#0"},
				"east": {"uv": [4.5, 7.25, 5, 9.5], "texture": "#0"},
				"south": {"uv": [2.5, 2.25, 5, 4.5], "texture": "#0"},
				"west": {"uv": [5, 7.25, 5.5, 9.5], "texture": "#0"},
				"up": {"uv": [9.5, 6.75, 7, 6.25], "texture": "#0"},
				"down": {"uv": [2.5, 7.25, 0, 7.75], "texture": "#0"}
			}
		},
		{
			"from": [4, 9, 4],
			"to": [6, 17, 13],
			"rotation": {"angle": 0, "axis": "y", "origin": [4, 8, 11]},
			"faces": {
				"north": {"uv": [5.5, 7.25, 6, 9.5], "texture": "#0"},
				"east": {"uv": [0, 4.5, 2.25, 6.75], "texture": "#0"},
				"south": {"uv": [6, 7.25, 6.5, 9.5], "texture": "#0"},
				"west": {"uv": [2.25, 4.5, 4.5, 6.75], "texture": "#0"},
				"up": {"uv": [7, 9.5, 6.5, 7.25], "texture": "#0"},
				"down": {"uv": [7.5, 7.25, 7, 9.5], "texture": "#0"}
			}
		},
		{
			"from": [4, 17, 5],
			"to": [6, 18, 12],
			"rotation": {"angle": 0, "axis": "y", "origin": [4, 14, 11]},
			"faces": {
				"north": {"uv": [5.5, 7.25, 6, 9.5], "texture": "#0"},
				"east": {"uv": [0, 4.5, 2.25, 6.75], "texture": "#0"},
				"south": {"uv": [6, 7.25, 6.5, 9.5], "texture": "#0"},
				"west": {"uv": [2.25, 4.5, 4.5, 6.75], "texture": "#0"},
				"up": {"uv": [7, 9.5, 6.5, 7.25], "texture": "#0"},
				"down": {"uv": [7.5, 7.25, 7, 9.5], "texture": "#0"}
			}
		},
		{
			"from": [13, 11, 5],
			"to": [15, 13, 12],
			"rotation": {"angle": 0, "axis": "y", "origin": [13, 10, 11]},
			"faces": {
				"north": {"uv": [9.5, 4.25, 10, 5], "texture": "#0"},
				"east": {"uv": [5, 1.75, 7.25, 2.5], "texture": "#0"},
				"south": {"uv": [4.75, 9.5, 5.25, 10.25], "texture": "#0"},
				"west": {"uv": [5, 2.5, 7.25, 3.25], "texture": "#0"},
				"up": {"uv": [3, 9.5, 2.5, 7.25], "texture": "#0"},
				"down": {"uv": [3.5, 7.25, 3, 9.5], "texture": "#0"}
			}
		},
		{
			"from": [14, 13, 6],
			"to": [15, 14, 11],
			"rotation": {"angle": 0, "axis": "y", "origin": [14, 11, 11]},
			"faces": {
				"north": {"uv": [9.5, 4.25, 10, 5], "texture": "#0"},
				"east": {"uv": [5, 1.75, 7.25, 2.5], "texture": "#0"},
				"south": {"uv": [4.75, 9.5, 5.25, 10.25], "texture": "#0"},
				"west": {"uv": [5, 2.5, 7.25, 3.25], "texture": "#0"},
				"up": {"uv": [3, 9.5, 2.5, 7.25], "texture": "#0"},
				"down": {"uv": [3.5, 7.25, 3, 9.5], "texture": "#0"}
			}
		},
		{
			"from": [12, 17, 4],
			"to": [14, 18, 13],
			"rotation": {"angle": 0, "axis": "y", "origin": [12, 17, 11]},
			"faces": {
				"north": {"uv": [1, 10, 1.5, 10.25], "texture": "#0"},
				"east": {"uv": [8, 2, 10.25, 2.25], "texture": "#0"},
				"south": {"uv": [10, 2.25, 10.5, 2.5], "texture": "#0"},
				"west": {"uv": [8, 6.75, 10.25, 7], "texture": "#0"},
				"up": {"uv": [8, 2.25, 7.5, 0], "texture": "#0"},
				"down": {"uv": [8, 6.75, 7.5, 9], "texture": "#0"}
			}
		},
		{
			"from": [5, 18, 6],
			"to": [5, 19, 11],
			"rotation": {"angle": 0, "axis": "y", "origin": [4, 18, 11]},
			"faces": {
				"north": {"uv": [0, 0, 0, 0.25], "texture": "#0"},
				"east": {"uv": [9.5, 5, 10.75, 5.25], "texture": "#0"},
				"south": {"uv": [0, 0, 0, 0.25], "texture": "#0"},
				"west": {"uv": [5.25, 9.5, 6.5, 9.75], "texture": "#0"},
				"up": {"uv": [0, 1.25, 0, 0], "texture": "#0"},
				"down": {"uv": [0, 0, 0, 1.25], "texture": "#0"}
			}
		},
		{
			"from": [6, 9, 14],
			"to": [15, 15, 15],
			"rotation": {"angle": 0, "axis": "y", "origin": [12, 8, 15]},
			"faces": {
				"north": {"uv": [7.25, 2.25, 9.5, 2.75], "texture": "#0"},
				"east": {"uv": [7, 9.5, 7.5, 10], "texture": "#0"},
				"south": {"uv": [7.25, 2.75, 9.5, 3.25], "texture": "#0"},
				"west": {"uv": [8, 9.5, 8.5, 10], "texture": "#0"},
				"up": {"uv": [9.75, 3.75, 7.5, 3.25], "texture": "#0"},
				"down": {"uv": [9.75, 3.75, 7.5, 4.25], "texture": "#0"}
			}
		},
		{
			"from": [6, 9, 2],
			"to": [15, 15, 3],
			"rotation": {"angle": 0, "axis": "y", "origin": [12, 8, 4]},
			"faces": {
				"north": {"uv": [0, 7.75, 2.25, 8.25], "texture": "#0"},
				"east": {"uv": [9.5, 8, 10, 8.5], "texture": "#0"},
				"south": {"uv": [8, 0, 10.25, 0.5], "texture": "#0"},
				"west": {"uv": [8.5, 9.5, 9, 10], "texture": "#0"},
				"up": {"uv": [10.25, 1, 8, 0.5], "texture": "#0"},
				"down": {"uv": [10.25, 1, 8, 1.5], "texture": "#0"}
			}
		},
		{
			"from": [9, 17, 2],
			"to": [10, 20, 5],
			"rotation": {"angle": 0, "axis": "y", "origin": [14, 17, 4]},
			"faces": {
				"north": {"uv": [6.25, 9.75, 6.5, 10.5], "texture": "#0"},
				"east": {"uv": [8, 7, 8.75, 7.75], "texture": "#0"},
				"south": {"uv": [9.75, 7.25, 10, 8], "texture": "#0"},
				"west": {"uv": [8, 7.75, 8.75, 8.5], "texture": "#0"},
				"up": {"uv": [10, 9.75, 9.75, 9], "texture": "#0"},
				"down": {"uv": [10, 9.75, 9.75, 10.5], "texture": "#0"}
			}
		},
		{
			"from": [9, 17, 12],
			"to": [10, 20, 15],
			"rotation": {"angle": 0, "axis": "y", "origin": [14, 17, 14]},
			"faces": {
				"north": {"uv": [0, 10, 0.25, 10.75], "texture": "#0"},
				"east": {"uv": [0, 8.25, 0.75, 9], "texture": "#0"},
				"south": {"uv": [0.25, 10, 0.5, 10.75], "texture": "#0"},
				"west": {"uv": [0.75, 8.25, 1.5, 9], "texture": "#0"},
				"up": {"uv": [0.75, 10.75, 0.5, 10], "texture": "#0"},
				"down": {"uv": [1, 10, 0.75, 10.75], "texture": "#0"}
			}
		},
		{
			"from": [10, 20, 12],
			"to": [12, 21, 16],
			"rotation": {"angle": 0, "axis": "y", "origin": [15, 17, 15]},
			"faces": {
				"north": {"uv": [10, 2.5, 10.5, 2.75], "texture": "#0"},
				"east": {"uv": [9.5, 8.5, 10.5, 8.75], "texture": "#0"},
				"south": {"uv": [10, 2.75, 10.5, 3], "texture": "#0"},
				"west": {"uv": [9.5, 8.75, 10.5, 9], "texture": "#0"},
				"up": {"uv": [2, 9.25, 1.5, 8.25], "texture": "#0"},
				"down": {"uv": [2.5, 8.25, 2, 9.25], "texture": "#0"}
			}
		},
		{
			"from": [10, 17, 15],
			"to": [12, 20, 16],
			"rotation": {"angle": 0, "axis": "y", "origin": [15, 18, 12]},
			"faces": {
				"north": {"uv": [8, 8.5, 8.5, 9.5], "texture": "#0"},
				"east": {"uv": [9.5, 9, 9.75, 10], "texture": "#0"},
				"south": {"uv": [8.5, 8.5, 9, 9.5], "texture": "#0"},
				"west": {"uv": [3, 9.75, 3.25, 10.75], "texture": "#0"},
				"up": {"uv": [10.5, 3.25, 10, 3], "texture": "#0"},
				"down": {"uv": [3.75, 10, 3.25, 10.25], "texture": "#0"}
			}
		},
		{
			"from": [10, 17, 12],
			"to": [12, 18, 15],
			"rotation": {"angle": 0, "axis": "y", "origin": [15, 21, 13]},
			"faces": {
				"north": {"uv": [3.75, 10, 4.25, 10.25], "texture": "#0"},
				"east": {"uv": [3.25, 9.75, 4.25, 10], "texture": "#0"},
				"south": {"uv": [10, 4.25, 10.5, 4.5], "texture": "#0"},
				"west": {"uv": [9.75, 3.25, 10.75, 3.5], "texture": "#0"},
				"up": {"uv": [9.25, 8, 8.75, 7], "texture": "#0"},
				"down": {"uv": [0.5, 9, 0, 10], "texture": "#0"}
			}
		},
		{
			"from": [10, 17, 12],
			"to": [12, 20, 13],
			"rotation": {"angle": 0, "axis": "y", "origin": [15, 20, 16]},
			"faces": {
				"north": {"uv": [0.5, 9, 1, 10], "texture": "#0"},
				"east": {"uv": [4.25, 9.75, 4.5, 10.75], "texture": "#0"},
				"south": {"uv": [1, 9, 1.5, 10], "texture": "#0"},
				"west": {"uv": [4.5, 9.75, 4.75, 10.75], "texture": "#0"},
				"up": {"uv": [10.5, 4.75, 10, 4.5], "texture": "#0"},
				"down": {"uv": [10.5, 4.75, 10, 5], "texture": "#0"}
			}
		},
		{
			"from": [10, 20, 1],
			"to": [12, 21, 5],
			"rotation": {"angle": 0, "axis": "y", "origin": [15, 17, 4]},
			"faces": {
				"north": {"uv": [10, 6.5, 10.5, 6.75], "texture": "#0"},
				"east": {"uv": [9.75, 4, 10.75, 4.25], "texture": "#0"},
				"south": {"uv": [7, 10, 7.5, 10.25], "texture": "#0"},
				"west": {"uv": [9.75, 7, 10.75, 7.25], "texture": "#0"},
				"up": {"uv": [10, 3.25, 9.5, 2.25], "texture": "#0"},
				"down": {"uv": [3, 9.5, 2.5, 10.5], "texture": "#0"}
			}
		},
		{
			"from": [10, 17, 4],
			"to": [12, 20, 5],
			"rotation": {"angle": 0, "axis": "y", "origin": [15, 18, 1]},
			"faces": {
				"north": {"uv": [2, 9.25, 2.5, 10.25], "texture": "#0"},
				"east": {"uv": [5.75, 9.75, 6, 10.75], "texture": "#0"},
				"south": {"uv": [9.25, 7, 9.75, 8], "texture": "#0"},
				"west": {"uv": [6, 9.75, 6.25, 10.75], "texture": "#0"},
				"up": {"uv": [10.5, 6.5, 10, 6.25], "texture": "#0"},
				"down": {"uv": [7, 10, 6.5, 10.25], "texture": "#0"}
			}
		},
		{
			"from": [10, 17, 1],
			"to": [12, 18, 5],
			"rotation": {"angle": 0, "axis": "y", "origin": [15, 21, 2]},
			"faces": {
				"north": {"uv": [10, 5.75, 10.5, 6], "texture": "#0"},
				"east": {"uv": [9.75, 3.5, 10.75, 3.75], "texture": "#0"},
				"south": {"uv": [10, 6, 10.5, 6.25], "texture": "#0"},
				"west": {"uv": [9.75, 3.75, 10.75, 4], "texture": "#0"},
				"up": {"uv": [9.5, 10, 9, 9], "texture": "#0"},
				"down": {"uv": [2, 9.25, 1.5, 10.25], "texture": "#0"}
			}
		},
		{
			"from": [10, 17, 1],
			"to": [12, 20, 2],
			"rotation": {"angle": 0, "axis": "y", "origin": [15, 20, 5]},
			"faces": {
				"north": {"uv": [7.5, 9, 8, 10], "texture": "#0"},
				"east": {"uv": [5.25, 9.75, 5.5, 10.75], "texture": "#0"},
				"south": {"uv": [9, 8, 9.5, 9], "texture": "#0"},
				"west": {"uv": [5.5, 9.75, 5.75, 10.75], "texture": "#0"},
				"up": {"uv": [10.5, 5.5, 10, 5.25], "texture": "#0"},
				"down": {"uv": [10.5, 5.5, 10, 5.75], "texture": "#0"}
			}
		},
		{
			"from": [14, 9, 5],
			"to": [15, 11, 12],
			"rotation": {"angle": 0, "axis": "y", "origin": [6, 9, 12]},
			"faces": {
				"north": {"uv": [8, 1.5, 10.5, 1.75], "texture": "#0"},
				"east": {"uv": [5, 4.25, 6.75, 4.5], "texture": "#0"},
				"south": {"uv": [8, 1.75, 10.5, 2], "texture": "#0"},
				"west": {"uv": [3, 9.5, 4.75, 9.75], "texture": "#0"},
				"up": {"uv": [7, 6.25, 4.5, 4.5], "texture": "#0"},
				"down": {"uv": [7.5, 0, 5, 1.75], "texture": "#0"}
			}
		},
		{
			"from": [11, 8, 3],
			"to": [15, 9, 14],
			"rotation": {"angle": 0, "axis": "y", "origin": [4, 9, 12]},
			"faces": {
				"north": {"uv": [8, 1.5, 10.5, 1.75], "texture": "#0"},
				"east": {"uv": [5, 4.25, 6.75, 4.5], "texture": "#0"},
				"south": {"uv": [8, 1.75, 10.5, 2], "texture": "#0"},
				"west": {"uv": [3, 9.5, 4.75, 9.75], "texture": "#0"},
				"up": {"uv": [7, 6.25, 4.5, 4.5], "texture": "#0"},
				"down": {"uv": [7.5, 0, 5, 1.75], "texture": "#0"}
			}
		},
		{
			"from": [5, 8, 3],
			"to": [7, 9, 14],
			"rotation": {"angle": 0, "axis": "y", "origin": [-3, 9, 12]},
			"faces": {
				"north": {"uv": [8, 1.5, 10.5, 1.75], "texture": "#0"},
				"east": {"uv": [5, 4.25, 6.75, 4.5], "texture": "#0"},
				"south": {"uv": [8, 1.75, 10.5, 2], "texture": "#0"},
				"west": {"uv": [3, 9.5, 4.75, 9.75], "texture": "#0"},
				"up": {"uv": [7, 6.25, 4.5, 4.5], "texture": "#0"},
				"down": {"uv": [7.5, 0, 5, 1.75], "texture": "#0"}
			}
		},
		{
			"from": [6, 8, 13],
			"to": [13, 9, 14],
			"rotation": {"angle": 0, "axis": "y", "origin": [4, 9, 5]},
			"faces": {
				"north": {"uv": [3, 9.5, 4.75, 9.75], "texture": "#0"},
				"east": {"uv": [8, 1.5, 10.5, 1.75], "texture": "#0"},
				"south": {"uv": [5, 4.25, 6.75, 4.5], "texture": "#0"},
				"west": {"uv": [8, 1.75, 10.5, 2], "texture": "#0"},
				"up": {"uv": [7, 6.25, 4.5, 4.5], "rotation": 90, "texture": "#0"},
				"down": {"uv": [7.5, 0, 5, 1.75], "rotation": 270, "texture": "#0"}
			}
		},
		{
			"from": [6, 8, 3],
			"to": [13, 9, 4],
			"rotation": {"angle": 0, "axis": "y", "origin": [4, 9, -5]},
			"faces": {
				"north": {"uv": [3, 9.5, 4.75, 9.75], "texture": "#0"},
				"east": {"uv": [8, 1.5, 10.5, 1.75], "texture": "#0"},
				"south": {"uv": [5, 4.25, 6.75, 4.5], "texture": "#0"},
				"west": {"uv": [8, 1.75, 10.5, 2], "texture": "#0"},
				"up": {"uv": [7, 6.25, 4.5, 4.5], "rotation": 90, "texture": "#0"},
				"down": {"uv": [7.5, 0, 5, 1.75], "rotation": 270, "texture": "#0"}
			}
		}
	],
	"display": {
		"gui": {
			"rotation": [0, -90, 0],
			"translation": [0.5, -6.75, 0]
		},
		"head": {
			"rotation": [0, 90, 0],
			"translation": [-0.5, -10, 2],
			"scale": [1.5, 1.5, 1.5]
		},
		"fixed": {
			"rotation": [0, 90, 0],
			"translation": [-0.75, -5.5, 2.75]
		}
	},
	"groups": [
		{
			"name": "hood",
			"origin": [8, 8, 8],
			"color": 0,
			"children": [0, 1, 2, 3, 4, 5, 6, 7, 8, 9, 10, 11, 12, 13, 14, 15, 16, 17, 18, 19, 20, 21, 22, 23, 24, 25, 26, 27, 28, 29, 30]
		}
	]
}