{
	"credit": "Made with Blockbench",
	"texture_size": [32, 32],
	"textures": {
		"0": "template:item/goldcrown",
		"1": "template:item/yellowbase",
		"particle": "template:item/goldcrown"
	},
	"elements": [
		{
			"from": [1, 14, 1],
			"to": [15, 17, 2],
			"rotation": {"angle": 0, "axis": "y", "origin": [0, 14, 1]},
			"faces": {
				"north": {"uv": [0, 0, 7, 1.5], "texture": "#1"},
				"east": {"uv": [1.5, 7.5, 2, 9], "texture": "#1"},
				"south": {"uv": [0, 1.5, 7, 3], "texture": "#1"},
				"west": {"uv": [2, 7.5, 2.5, 9], "texture": "#1"},
				"up": {"uv": [14, 5, 7, 4.5], "texture": "#1"},
				"down": {"uv": [14, 5, 7, 5.5], "texture": "#1"}
			}
		},
		{
			"from": [1, 14, 1],
			"to": [2, 17, 15],
			"rotation": {"angle": 0, "axis": "y", "origin": [1, 14, 0]},
			"faces": {
				"north": {"uv": [2.5, 7.5, 3, 9], "texture": "#1"},
				"east": {"uv": [0, 3, 7, 4.5], "texture": "#1"},
				"south": {"uv": [3, 7.5, 3.5, 9], "texture": "#1"},
				"west": {"uv": [0, 4.5, 7, 6], "texture": "#1"},
				"up": {"uv": [7.5, 12.5, 7, 5.5], "texture": "#1"},
				"down": {"uv": [0.5, 7.5, 0, 14.5], "texture": "#1"}
			}
		},
		{
			"from": [1, 14, 14],
			"to": [15, 17, 15],
			"rotation": {"angle": 0, "axis": "y", "origin": [0, 14, 13]},
			"faces": {
				"north": {"uv": [0, 6, 7, 7.5], "texture": "#1"},
				"east": {"uv": [3.5, 7.5, 4, 9], "texture": "#1"},
				"south": {"uv": [7, 0, 14, 1.5], "texture": "#1"},
				"west": {"uv": [4, 7.5, 4.5, 9], "texture": "#1"},
				"up": {"uv": [14.5, 6, 7.5, 5.5], "texture": "#1"},
				"down": {"uv": [14.5, 6, 7.5, 6.5], "texture": "#1"}
			}
		},
		{
			"from": [14, 14, 1],
			"to": [15, 17, 15],
			"rotation": {"angle": 0, "axis": "y", "origin": [13, 14, 0]},
			"faces": {
				"north": {"uv": [4.5, 7.5, 5, 9], "texture": "#1"},
				"east": {"uv": [7, 1.5, 14, 3], "texture": "#1"},
				"south": {"uv": [5, 7.5, 5.5, 9], "texture": "#1"},
				"west": {"uv": [7, 3, 14, 4.5], "texture": "#1"},
				"up": {"uv": [1, 14.5, 0.5, 7.5], "texture": "#1"},
				"down": {"uv": [1.5, 7.5, 1, 14.5], "texture": "#1"}
			}
		},
		{
			"from": [12, 17, 14],
			"to": [15, 18, 15],
			"rotation": {"angle": 0, "axis": "y", "origin": [13, 17, 13]},
			"faces": {
				"north": {"uv": [8, 0, 11, 1], "texture": "#0"},
				"east": {"uv": [12, 3, 13, 4], "texture": "#0"},
				"south": {"uv": [3, 8, 6, 9], "texture": "#0"},
				"west": {"uv": [12, 4, 13, 5], "texture": "#0"},
				"up": {"uv": [9, 9, 6, 8], "texture": "#0"},
				"down": {"uv": [12, 1, 9, 2], "texture": "#0"}
			}
		},
		{
			"from": [6, 17, 14],
			"to": [10, 18, 15],
			"rotation": {"angle": 0, "axis": "y", "origin": [9, 17, 13]},
			"faces": {
				"north": {"uv": [0, 0, 4, 1], "texture": "#0"},
				"east": {"uv": [12, 5, 13, 6], "texture": "#0"},
				"south": {"uv": [0, 1, 4, 2], "texture": "#0"},
				"west": {"uv": [6, 12, 7, 13], "texture": "#0"},
				"up": {"uv": [4, 3, 0, 2], "texture": "#0"},
				"down": {"uv": [4, 3, 0, 4], "texture": "#0"}
			}
		},
		{
			"from": [1, 17, 14],
			"to": [4, 18, 15],
			"rotation": {"angle": 0, "axis": "y", "origin": [1, 17, 13]},
			"faces": {
				"north": {"uv": [9, 2, 12, 3], "texture": "#0"},
				"east": {"uv": [7, 12, 8, 13], "texture": "#0"},
				"south": {"uv": [3, 9, 6, 10], "texture": "#0"},
				"west": {"uv": [8, 12, 9, 13], "texture": "#0"},
				"up": {"uv": [12, 4, 9, 3], "texture": "#0"},
				"down": {"uv": [12, 4, 9, 5], "texture": "#0"}
			}
		},
		{
			"from": [1, 17, 12],
			"to": [2, 18, 15],
			"rotation": {"angle": 0, "axis": "y", "origin": [0, 17, 12]},
			"faces": {
				"north": {"uv": [9, 12, 10, 13], "texture": "#0"},
				"east": {"uv": [9, 5, 12, 6], "texture": "#0"},
				"south": {"uv": [12, 9, 13, 10], "texture": "#0"},
				"west": {"uv": [6, 9, 9, 10], "texture": "#0"},
				"up": {"uv": [1, 12, 0, 9], "texture": "#0"},
				"down": {"uv": [10, 6, 9, 9], "texture": "#0"}
			}
		},
		{
			"from": [1, 17, 6],
			"to": [2, 18, 10],
			"rotation": {"angle": 0, "axis": "y", "origin": [0, 17, 6]},
			"faces": {
				"north": {"uv": [10, 12, 11, 13], "texture": "#0"},
				"east": {"uv": [0, 4, 4, 5], "texture": "#0"},
				"south": {"uv": [12, 10, 13, 11], "texture": "#0"},
				"west": {"uv": [4, 0, 8, 1], "texture": "#0"},
				"up": {"uv": [5, 5, 4, 1], "texture": "#0"},
				"down": {"uv": [1, 5, 0, 9], "texture": "#0"}
			}
		},
		{
			"from": [1, 17, 1],
			"to": [2, 18, 4],
			"rotation": {"angle": 0, "axis": "y", "origin": [0, 17, 1]},
			"faces": {
				"north": {"uv": [11, 12, 12, 13], "texture": "#0"},
				"east": {"uv": [9, 9, 12, 10], "texture": "#0"},
				"south": {"uv": [12, 11, 13, 12], "texture": "#0"},
				"west": {"uv": [1, 10, 4, 11], "texture": "#0"},
				"up": {"uv": [5, 13, 4, 10], "texture": "#0"},
				"down": {"uv": [6, 10, 5, 13], "texture": "#0"}
			}
		},
		{
			"from": [1, 17, 1],
			"to": [4, 18, 2],
			"rotation": {"angle": 0, "axis": "y", "origin": [1, 17, 0]},
			"faces": {
				"north": {"uv": [6, 10, 9, 11], "texture": "#0"},
				"east": {"uv": [12, 12, 13, 13], "texture": "#0"},
				"south": {"uv": [10, 6, 13, 7], "texture": "#0"},
				"west": {"uv": [13, 1, 14, 2], "texture": "#0"},
				"up": {"uv": [13, 8, 10, 7], "texture": "#0"},
				"down": {"uv": [13, 8, 10, 9], "texture": "#0"}
			}
		},
		{
			"from": [6, 17, 1],
			"to": [10, 18, 2],
			"rotation": {"angle": 0, "axis": "y", "origin": [9, 17, 0]},
			"faces": {
				"north": {"uv": [1, 5, 5, 6], "texture": "#0"},
				"east": {"uv": [13, 2, 14, 3], "texture": "#0"},
				"south": {"uv": [5, 1, 9, 2], "texture": "#0"},
				"west": {"uv": [13, 3, 14, 4], "texture": "#0"},
				"up": {"uv": [9, 3, 5, 2], "texture": "#0"},
				"down": {"uv": [9, 3, 5, 4], "texture": "#0"}
			}
		},
		{
			"from": [12, 17, 1],
			"to": [15, 18, 2],
			"rotation": {"angle": 0, "axis": "y", "origin": [13, 17, 0]},
			"faces": {
				"north": {"uv": [3, 6, 6, 7], "texture": "#0"},
				"east": {"uv": [12, 1, 13, 2], "texture": "#0"},
				"south": {"uv": [6, 6, 9, 7], "texture": "#0"},
				"west": {"uv": [12, 2, 13, 3], "texture": "#0"},
				"up": {"uv": [6, 8, 3, 7], "texture": "#0"},
				"down": {"uv": [9, 7, 6, 8], "texture": "#0"}
			}
		},
		{
			"from": [14, 17, 1],
			"to": [15, 18, 4],
			"rotation": {"angle": 0, "axis": "y", "origin": [13, 17, 1]},
			"faces": {
				"north": {"uv": [4, 13, 5, 14], "texture": "#0"},
				"east": {"uv": [9, 10, 12, 11], "texture": "#0"},
				"south": {"uv": [13, 4, 14, 5], "texture": "#0"},
				"west": {"uv": [11, 0, 14, 1], "texture": "#0"},
				"up": {"uv": [2, 14, 1, 11], "texture": "#0"},
				"down": {"uv": [3, 11, 2, 14], "texture": "#0"}
			}
		},
		{
			"from": [14, 17, 6],
			"to": [15, 18, 10],
			"rotation": {"angle": 0, "axis": "y", "origin": [13, 17, 6]},
			"faces": {
				"north": {"uv": [5, 13, 6, 14], "texture": "#0"},
				"east": {"uv": [5, 4, 9, 5], "texture": "#0"},
				"south": {"uv": [13, 5, 14, 6], "texture": "#0"},
				"west": {"uv": [5, 5, 9, 6], "texture": "#0"},
				"up": {"uv": [2, 10, 1, 6], "texture": "#0"},
				"down": {"uv": [3, 6, 2, 10], "texture": "#0"}
			}
		},
		{
			"from": [14, 17, 12],
			"to": [15, 18, 15],
			"rotation": {"angle": 0, "axis": "y", "origin": [13, 17, 12]},
			"faces": {
				"north": {"uv": [6, 13, 7, 14], "texture": "#0"},
				"east": {"uv": [6, 11, 9, 12], "texture": "#0"},
				"south": {"uv": [13, 6, 14, 7], "texture": "#0"},
				"west": {"uv": [9, 11, 12, 12], "texture": "#0"},
				"up": {"uv": [4, 14, 3, 11], "texture": "#0"},
				"down": {"uv": [1, 12, 0, 15], "texture": "#0"}
			}
		}
	],
	"display": {
		"thirdperson_righthand": {
			"scale": [1, 0.46289, 1]
		},
		"head": {
			"translation": [0, -4.75, 0.25],
			"scale": [0.98438, 1.2207, 1.0293]
		}
	},
	"groups": [
		0,
		1,
		2,
		3,
		{
			"name": "group",
			"origin": [13, 17, 12],
			"color": 0,
			"children": [4, 5, 6, 7, 8, 9, 10, 11, 12, 13, 14, 15]
		}
	]
}