{
	"credit": "Made with Blockbench",
	"textures": {
		"0": "template:item/mobmaster/texture",
		"1": "template:item/mobmaster/texture2",
		"2": "template:item/mobmaster/texture3",
		"3": "template:item/mobmaster/texture4",
		"4": "template:item/mobmaster/texture5",
		"5": "template:item/mobmaster/texture6",
		"6": "template:item/mobmaster/texture7",
		"7": "template:item/mobmaster/texture8",
		"8": "template:item/mobmaster/texture9",
		"9": "template:item/mobmaster/texture10",
		"10": "template:item/mobmaster/texture11",
		"11": "template:item/mobmaster/texture12",
		"12": "template:item/mobmaster/texture13",
		"13": "template:item/mobmaster/texture14",
		"14": "template:item/mobmaster/texture15",
		"15": "template:item/mobmaster/texture16",
		"16": "template:item/mobmaster/texture17",
		"17": "template:item/mobmaster/texture18",
		"18": "template:item/mobmaster/texture19",
		"19": "template:item/mobmaster/texture20",
		"20": "template:item/mobmaster/texture21",
		"21": "template:item/mobmaster/texture22",
		"22": "template:item/mobmaster/texture23",
		"particle": "template:item/mobmaster/texture"
	},
	"elements": [
		{
			"from": [-1, -8, 0],
			"to": [14, 3, 2],
			"faces": {
				"north": {"uv": [0, 0, 15, 11], "texture": "#1"},
				"east": {"uv": [15, 4, 17, 15], "texture": "#1"},
				"south": {"uv": [0, 11, 15, 22], "texture": "#1"},
				"west": {"uv": [15, 15, 17, 26], "texture": "#1"},
				"up": {"uv": [30, 2, 15, 0], "texture": "#1"},
				"down": {"uv": [30, 2, 15, 4], "texture": "#1"}
			}
		},
		{
			"from": [1, -12, 0],
			"to": [12, -11, 2],
			"rotation": {"angle": 0, "axis": "y", "origin": [5, -13, 0]},
			"faces": {
				"north": {"uv": [0, 4, 11, 5], "texture": "#3"},
				"east": {"uv": [0, 6, 2, 7], "texture": "#3"},
				"south": {"uv": [0, 5, 11, 6], "texture": "#3"},
				"west": {"uv": [2, 6, 4, 7], "texture": "#3"},
				"up": {"uv": [11, 2, 0, 0], "texture": "#3"},
				"down": {"uv": [11, 2, 0, 4], "texture": "#3"}
			}
		},
		{
			"from": [3, -13, 0],
			"to": [10, -12, 2],
			"rotation": {"angle": 0, "axis": "y", "origin": [5, -14, 0]},
			"faces": {
				"north": {"uv": [0, 4, 7, 5], "texture": "#4"},
				"east": {"uv": [0, 6, 2, 7], "texture": "#4"},
				"south": {"uv": [0, 5, 7, 6], "texture": "#4"},
				"west": {"uv": [2, 6, 4, 7], "texture": "#4"},
				"up": {"uv": [7, 2, 0, 0], "texture": "#4"},
				"down": {"uv": [7, 2, 0, 4], "texture": "#4"}
			}
		},
		{
			"from": [0, -11, 0],
			"to": [13, -8, 2],
			"rotation": {"angle": 0, "axis": "y", "origin": [1, -10, 0]},
			"faces": {
				"north": {"uv": [0, 0, 13, 3], "texture": "#2"},
				"east": {"uv": [0, 10, 2, 13], "texture": "#2"},
				"south": {"uv": [0, 3, 13, 6], "texture": "#2"},
				"west": {"uv": [2, 10, 4, 13], "texture": "#2"},
				"up": {"uv": [13, 8, 0, 6], "texture": "#2"},
				"down": {"uv": [13, 8, 0, 10], "texture": "#2"}
			}
		},
		{
			"from": [-5, 6, 0],
			"to": [-3, 8, 2],
			"rotation": {"angle": 0, "axis": "y", "origin": [-4, 6, 0]},
			"faces": {
				"north": {"uv": [0, 0, 2, 2], "texture": "#15"},
				"east": {"uv": [0, 2, 2, 4], "texture": "#15"},
				"south": {"uv": [2, 0, 4, 2], "texture": "#15"},
				"west": {"uv": [2, 2, 4, 4], "texture": "#15"},
				"up": {"uv": [2, 6, 0, 4], "texture": "#15"},
				"down": {"uv": [6, 0, 4, 2], "texture": "#15"}
			}
		},
		{
			"from": [-5, 1, 0],
			"to": [-4, 6, 2],
			"rotation": {"angle": 0, "axis": "y", "origin": [-6, 0, 0]},
			"faces": {
				"north": {"uv": [4, 0, 5, 5], "texture": "#18"},
				"east": {"uv": [0, 0, 2, 5], "texture": "#18"},
				"south": {"uv": [0, 5, 1, 10], "texture": "#18"},
				"west": {"uv": [2, 0, 4, 5], "texture": "#18"},
				"up": {"uv": [6, 2, 5, 0], "texture": "#18"},
				"down": {"uv": [2, 5, 1, 7], "texture": "#18"}
			}
		},
		{
			"from": [-6, 2, 0],
			"to": [-5, 7, 2],
			"rotation": {"angle": 0, "axis": "y", "origin": [-7, 5, 0]},
			"faces": {
				"north": {"uv": [4, 0, 5, 5], "texture": "#14"},
				"east": {"uv": [0, 0, 2, 5], "texture": "#14"},
				"south": {"uv": [0, 5, 1, 10], "texture": "#14"},
				"west": {"uv": [2, 0, 4, 5], "texture": "#14"},
				"up": {"uv": [6, 2, 5, 0], "texture": "#14"},
				"down": {"uv": [2, 5, 1, 7], "texture": "#14"}
			}
		},
		{
			"from": [-4, 0, 0],
			"to": [-1, 2, 2],
			"rotation": {"angle": 0, "axis": "y", "origin": [-3, 0, 0]},
			"faces": {
				"north": {"uv": [0, 0, 3, 2], "texture": "#20"},
				"east": {"uv": [0, 4, 2, 6], "texture": "#20"},
				"south": {"uv": [0, 2, 3, 4], "texture": "#20"},
				"west": {"uv": [2, 4, 4, 6], "texture": "#20"},
				"up": {"uv": [6, 2, 3, 0], "texture": "#20"},
				"down": {"uv": [6, 2, 3, 4], "texture": "#20"}
			}
		},
		{
			"from": [-4, 2, 0],
			"to": [-3, 3, 2],
			"rotation": {"angle": 0, "axis": "y", "origin": [-5, 2, 0]},
			"faces": {
				"north": {"uv": [1, 2, 2, 3], "texture": "#22"},
				"east": {"uv": [0, 0, 2, 1], "texture": "#22"},
				"south": {"uv": [2, 2, 3, 3], "texture": "#22"},
				"west": {"uv": [0, 1, 2, 2], "texture": "#22"},
				"up": {"uv": [1, 4, 0, 2], "texture": "#22"},
				"down": {"uv": [3, 0, 2, 2], "texture": "#22"}
			}
		},
		{
			"from": [14, 0, 0],
			"to": [17, 2, 2],
			"rotation": {"angle": 0, "axis": "y", "origin": [15, 0, 0]},
			"faces": {
				"north": {"uv": [0, 0, 3, 2], "texture": "#19"},
				"east": {"uv": [0, 4, 2, 6], "texture": "#19"},
				"south": {"uv": [0, 2, 3, 4], "texture": "#19"},
				"west": {"uv": [2, 4, 4, 6], "texture": "#19"},
				"up": {"uv": [6, 2, 3, 0], "texture": "#19"},
				"down": {"uv": [6, 2, 3, 4], "texture": "#19"}
			}
		},
		{
			"from": [18, 2, 0],
			"to": [19, 7, 2],
			"rotation": {"angle": 0, "axis": "y", "origin": [17, 5, 0]},
			"faces": {
				"north": {"uv": [4, 0, 5, 5], "texture": "#13"},
				"east": {"uv": [0, 0, 2, 5], "texture": "#13"},
				"south": {"uv": [0, 5, 1, 10], "texture": "#13"},
				"west": {"uv": [2, 0, 4, 5], "texture": "#13"},
				"up": {"uv": [6, 2, 5, 0], "texture": "#13"},
				"down": {"uv": [2, 5, 1, 7], "texture": "#13"}
			}
		},
		{
			"from": [17, 1, 0],
			"to": [18, 6, 2],
			"rotation": {"angle": 0, "axis": "y", "origin": [16, 0, 0]},
			"faces": {
				"north": {"uv": [4, 0, 5, 5], "texture": "#17"},
				"east": {"uv": [0, 0, 2, 5], "texture": "#17"},
				"south": {"uv": [0, 5, 1, 10], "texture": "#17"},
				"west": {"uv": [2, 0, 4, 5], "texture": "#17"},
				"up": {"uv": [6, 2, 5, 0], "texture": "#17"},
				"down": {"uv": [2, 5, 1, 7], "texture": "#17"}
			}
		},
		{
			"from": [16, 6, 0],
			"to": [18, 8, 2],
			"rotation": {"angle": 0, "axis": "y", "origin": [17, 6, 0]},
			"faces": {
				"north": {"uv": [0, 0, 2, 2], "texture": "#16"},
				"east": {"uv": [0, 2, 2, 4], "texture": "#16"},
				"south": {"uv": [2, 0, 4, 2], "texture": "#16"},
				"west": {"uv": [2, 2, 4, 4], "texture": "#16"},
				"up": {"uv": [2, 6, 0, 4], "texture": "#16"},
				"down": {"uv": [6, 0, 4, 2], "texture": "#16"}
			}
		},
		{
			"from": [16, 2, 0],
			"to": [17, 3, 2],
			"rotation": {"angle": 0, "axis": "y", "origin": [15, 2, 0]},
			"faces": {
				"north": {"uv": [1, 2, 2, 3], "texture": "#21"},
				"east": {"uv": [0, 0, 2, 1], "texture": "#21"},
				"south": {"uv": [2, 2, 3, 3], "texture": "#21"},
				"west": {"uv": [0, 1, 2, 2], "texture": "#21"},
				"up": {"uv": [1, 4, 0, 2], "texture": "#21"},
				"down": {"uv": [3, 0, 2, 2], "texture": "#21"}
			}
		},
		{
			"from": [-6, -4, 0],
			"to": [-5, -1, 2],
			"rotation": {"angle": 0, "axis": "y", "origin": [-7, -3, 0]},
			"faces": {
				"north": {"uv": [0, 3, 1, 6], "texture": "#6"},
				"east": {"uv": [0, 0, 2, 3], "texture": "#6"},
				"south": {"uv": [1, 3, 2, 6], "texture": "#6"},
				"west": {"uv": [2, 0, 4, 3], "texture": "#6"},
				"up": {"uv": [3, 5, 2, 3], "texture": "#6"},
				"down": {"uv": [4, 3, 3, 5], "texture": "#6"}
			}
		},
		{
			"from": [-5, -2, 0],
			"to": [-2, -1, 2],
			"rotation": {"angle": 0, "axis": "y", "origin": [-5, -2, 0]},
			"faces": {
				"north": {"uv": [3, 0, 6, 1], "texture": "#5"},
				"east": {"uv": [3, 2, 5, 3], "texture": "#5"},
				"south": {"uv": [3, 1, 6, 2], "texture": "#5"},
				"west": {"uv": [3, 3, 5, 4], "texture": "#5"},
				"up": {"uv": [3, 2, 0, 0], "texture": "#5"},
				"down": {"uv": [3, 2, 0, 4], "texture": "#5"}
			}
		},
		{
			"from": [-5, -6, 0],
			"to": [-2, -5, 2],
			"rotation": {"angle": 0, "axis": "y", "origin": [-4, -7, 0]},
			"faces": {
				"north": {"uv": [3, 0, 6, 1], "texture": "#7"},
				"east": {"uv": [3, 2, 5, 3], "texture": "#7"},
				"south": {"uv": [3, 1, 6, 2], "texture": "#7"},
				"west": {"uv": [3, 3, 5, 4], "texture": "#7"},
				"up": {"uv": [3, 2, 0, 0], "texture": "#7"},
				"down": {"uv": [3, 2, 0, 4], "texture": "#7"}
			}
		},
		{
			"from": [-5, -5, 0],
			"to": [-1, -2, 2],
			"rotation": {"angle": 0, "axis": "y", "origin": [-3, -5, 0]},
			"faces": {
				"north": {"uv": [0, 0, 4, 3], "texture": "#8"},
				"east": {"uv": [4, 4, 6, 7], "texture": "#8"},
				"south": {"uv": [0, 3, 4, 6], "texture": "#8"},
				"west": {"uv": [0, 6, 2, 9], "texture": "#8"},
				"up": {"uv": [8, 2, 4, 0], "texture": "#8"},
				"down": {"uv": [8, 2, 4, 4], "texture": "#8"}
			}
		},
		{
			"from": [15, -2, 0],
			"to": [18, -1, 2],
			"rotation": {"angle": 0, "axis": "y", "origin": [15, -2, 0]},
			"faces": {
				"north": {"uv": [3, 0, 6, 1], "texture": "#10"},
				"east": {"uv": [3, 2, 5, 3], "texture": "#10"},
				"south": {"uv": [3, 1, 6, 2], "texture": "#10"},
				"west": {"uv": [3, 3, 5, 4], "texture": "#10"},
				"up": {"uv": [3, 2, 0, 0], "texture": "#10"},
				"down": {"uv": [3, 2, 0, 4], "texture": "#10"}
			}
		},
		{
			"from": [18, -4, 0],
			"to": [19, -1, 2],
			"rotation": {"angle": 0, "axis": "y", "origin": [17, -3, 0]},
			"faces": {
				"north": {"uv": [0, 3, 1, 6], "texture": "#11"},
				"east": {"uv": [0, 0, 2, 3], "texture": "#11"},
				"south": {"uv": [1, 3, 2, 6], "texture": "#11"},
				"west": {"uv": [2, 0, 4, 3], "texture": "#11"},
				"up": {"uv": [3, 5, 2, 3], "texture": "#11"},
				"down": {"uv": [4, 3, 3, 5], "texture": "#11"}
			}
		},
		{
			"from": [14, -5, 0],
			"to": [18, -2, 2],
			"rotation": {"angle": 0, "axis": "y", "origin": [16, -5, 0]},
			"faces": {
				"north": {"uv": [0, 0, 4, 3], "texture": "#9"},
				"east": {"uv": [4, 4, 6, 7], "texture": "#9"},
				"south": {"uv": [0, 3, 4, 6], "texture": "#9"},
				"west": {"uv": [0, 6, 2, 9], "texture": "#9"},
				"up": {"uv": [8, 2, 4, 0], "texture": "#9"},
				"down": {"uv": [8, 2, 4, 4], "texture": "#9"}
			}
		},
		{
			"from": [15, -6, 0],
			"to": [18, -5, 2],
			"rotation": {"angle": 0, "axis": "y", "origin": [16, -7, 0]},
			"faces": {
				"north": {"uv": [3, 0, 6, 1], "texture": "#12"},
				"east": {"uv": [3, 2, 5, 3], "texture": "#12"},
				"south": {"uv": [3, 1, 6, 2], "texture": "#12"},
				"west": {"uv": [3, 3, 5, 4], "texture": "#12"},
				"up": {"uv": [3, 2, 0, 0], "texture": "#12"},
				"down": {"uv": [3, 2, 0, 4], "texture": "#12"}
			}
		},
		{
			"from": [-2, -6, 0],
			"to": [-1, -5, 2],
			"rotation": {"angle": 0, "axis": "y", "origin": [-3, -6, 0]},
			"color": 2,
			"faces": {
				"north": {"uv": [0, 0, 1, 1], "texture": "#missing"},
				"east": {"uv": [0, 0, 2, 1], "texture": "#missing"},
				"south": {"uv": [0, 0, 1, 1], "texture": "#missing"},
				"west": {"uv": [0, 0, 2, 1], "texture": "#missing"},
				"up": {"uv": [0, 0, 1, 2], "texture": "#missing"},
				"down": {"uv": [0, 0, 1, 2], "texture": "#missing"}
			}
		}
	],
	"display": {
		"thirdperson_righthand": {
			"translation": [0.5, 5.75, 2.5],
			"scale": [0.37, 0.37, 0.37]
		},
		"thirdperson_lefthand": {
			"translation": [0.5, 5.75, 2.5],
			"scale": [0.37, 0.37, 0.37]
		},
		"firstperson_righthand": {
			"rotation": [-180, 76.75, -180],
			"translation": [-1, 10.25, 0],
			"scale": [0.41, 0.41, 0.41]
		},
		"firstperson_lefthand": {
			"rotation": [-180, 76.75, -180],
			"translation": [0.75, 9.75, 0],
			"scale": [0.41, 0.41, 0.41]
		},
		"ground": {
			"translation": [0, 10.25, 0],
			"scale": [0.6, 0.6, 0.6]
		},
		"gui": {
			"rotation": [-179.99, 3.27, 179.75],
			"translation": [-0.75, 6.25, 0],
			"scale": [0.6, 0.6, 0.6]
		},
		"head": {
			"translation": [1.5, 12.5, -0.5]
		},
		"fixed": {
			"translation": [1, 7.75, 5.25],
			"scale": [0.69, 0.69, 0.69]
		}
	},
	"groups": [
		{
			"name": "Face",
			"origin": [1, -10, 0],
			"color": 0,
			"children": [0, 1, 2, 3]
		},
		{
			"name": "Right Horn",
			"origin": [-3, 0, 0],
			"color": 0,
			"children": [4, 5, 6, 7, 8]
		},
		{
			"name": "Left horn",
			"origin": [15, 2, 0],
			"color": 0,
			"children": [9, 10, 11, 12, 13]
		},
		{
			"name": "bottom right horn",
			"origin": [-3, -5, 0],
			"color": 0,
			"children": [14, 15, 16, 17]
		},
		{
			"name": "Bottom left horn",
			"origin": [16, -7, 0],
			"color": 0,
			"children": [18, 19, 20, 21]
		},
		22
	]
}