{
	"credit": "Made with Blockbench",
	"texture_size": [32, 32],
	"textures": {
		"0": "template:item/trophy/goldbase",
		"1": "template:item/trophy/cupwall",
		"2": "template:item/trophy/handle",
		"3": "template:item/trophy/lip",
		"4": "template:item/trophy/2ndbase",
		"5": "template:item/trophy/base",
		"particle": "template:item/trophy/goldbase"
	},
	"elements": [
		{
			"name": "Black Base",
			"from": [2, 0, 2],
			"to": [14, 2, 14],
			"rotation": {"angle": 0, "axis": "y", "origin": [7, 0, 7]},
			"faces": {
				"north": {"uv": [6, 0, 12, 1], "texture": "#5"},
				"east": {"uv": [6, 1, 12, 2], "texture": "#5"},
				"south": {"uv": [6, 2, 12, 3], "texture": "#5"},
				"west": {"uv": [6, 3, 12, 4], "texture": "#5"},
				"up": {"uv": [6, 6, 0, 0], "texture": "#5"},
				"down": {"uv": [6, 6, 0, 12], "texture": "#5"}
			}
		},
		{
			"name": "2nd base",
			"from": [3, 2, 3],
			"to": [13, 3, 13],
			"rotation": {"angle": 0, "axis": "y", "origin": [7, 2, 7]},
			"faces": {
				"north": {"uv": [5, 0, 10, 0.5], "texture": "#4"},
				"east": {"uv": [5, 0.5, 10, 1], "texture": "#4"},
				"south": {"uv": [5, 1, 10, 1.5], "texture": "#4"},
				"west": {"uv": [5, 1.5, 10, 2], "texture": "#4"},
				"up": {"uv": [5, 5, 0, 0], "texture": "#4"},
				"down": {"uv": [5, 5, 0, 10], "texture": "#4"}
			}
		},
		{
			"name": "3rd base",
			"from": [4, 3, 4],
			"to": [12, 4, 12],
			"rotation": {"angle": 0, "axis": "y", "origin": [7, 3, 5]},
			"faces": {
				"north": {"uv": [7, 3, 11, 3.5], "texture": "#0"},
				"east": {"uv": [7, 3.5, 11, 4], "texture": "#0"},
				"south": {"uv": [4, 7, 8, 7.5], "texture": "#0"},
				"west": {"uv": [7, 4, 11, 4.5], "texture": "#0"},
				"up": {"uv": [4, 4, 0, 0], "texture": "#0"},
				"down": {"uv": [4, 4, 0, 8], "texture": "#0"}
			}
		},
		{
			"name": "4th base",
			"from": [5, 4, 5],
			"to": [11, 6, 11],
			"rotation": {"angle": 0, "axis": "y", "origin": [6, 4, 8]},
			"faces": {
				"north": {"uv": [4, 6, 7, 7], "texture": "#0"},
				"east": {"uv": [7, 0, 10, 1], "texture": "#0"},
				"south": {"uv": [7, 1, 10, 2], "texture": "#0"},
				"west": {"uv": [7, 2, 10, 3], "texture": "#0"},
				"up": {"uv": [7, 3, 4, 0], "texture": "#0"},
				"down": {"uv": [7, 3, 4, 6], "texture": "#0"}
			}
		},
		{
			"name": "Pole",
			"from": [7, 6, 7],
			"to": [9, 10, 9],
			"rotation": {"angle": 0, "axis": "y", "origin": [7, 6, 7]},
			"faces": {
				"north": {"uv": [7, 4.5, 8, 6.5], "texture": "#0"},
				"east": {"uv": [4, 7.5, 5, 9.5], "texture": "#0"},
				"south": {"uv": [5, 7.5, 6, 9.5], "texture": "#0"},
				"west": {"uv": [6, 7.5, 7, 9.5], "texture": "#0"},
				"up": {"uv": [8, 8.5, 7, 7.5], "texture": "#0"},
				"down": {"uv": [1, 8, 0, 9], "texture": "#0"}
			}
		},
		{
			"name": "Cup Base",
			"from": [6, 10, 6],
			"to": [10, 11, 10],
			"rotation": {"angle": 0, "axis": "y", "origin": [7, 10, 6]},
			"faces": {
				"north": {"uv": [10, 0, 12, 0.5], "texture": "#1"},
				"east": {"uv": [10, 0.5, 12, 1], "texture": "#1"},
				"south": {"uv": [10, 1, 12, 1.5], "texture": "#1"},
				"west": {"uv": [10, 1.5, 12, 2], "texture": "#1"},
				"up": {"uv": [2, 11, 0, 9], "texture": "#1"},
				"down": {"uv": [4, 9, 2, 11], "texture": "#1"}
			}
		},
		{
			"name": "Cup Wall",
			"from": [5, 11, 5],
			"to": [6, 20, 11],
			"rotation": {"angle": 0, "axis": "y", "origin": [5, 11, 7]},
			"faces": {
				"north": {"uv": [4, 9, 4.5, 13.5], "texture": "#1"},
				"east": {"uv": [0, 0, 3, 4.5], "texture": "#1"},
				"south": {"uv": [4.5, 9, 5, 13.5], "texture": "#1"},
				"west": {"uv": [3, 0, 6, 4.5], "texture": "#1"},
				"up": {"uv": [8.5, 12, 8, 9], "texture": "#1"},
				"down": {"uv": [9, 9, 8.5, 12], "texture": "#1"}
			}
		},
		{
			"name": "Cup Wall",
			"from": [10, 11, 5],
			"to": [11, 20, 11],
			"rotation": {"angle": 0, "axis": "y", "origin": [10, 11, 7]},
			"faces": {
				"north": {"uv": [5, 9, 5.5, 13.5], "texture": "#1"},
				"east": {"uv": [0, 4.5, 3, 9], "texture": "#1"},
				"south": {"uv": [5.5, 9, 6, 13.5], "texture": "#1"},
				"west": {"uv": [3, 4.5, 6, 9], "texture": "#1"},
				"up": {"uv": [9.5, 12, 9, 9], "texture": "#1"},
				"down": {"uv": [10, 9, 9.5, 12], "texture": "#1"}
			}
		},
		{
			"name": "Cup Wall",
			"from": [6, 11, 5],
			"to": [10, 20, 6],
			"rotation": {"angle": 0, "axis": "y", "origin": [8, 11, 4]},
			"faces": {
				"north": {"uv": [6, 0, 8, 4.5], "texture": "#1"},
				"east": {"uv": [6, 9, 6.5, 13.5], "texture": "#1"},
				"south": {"uv": [6, 4.5, 8, 9], "texture": "#1"},
				"west": {"uv": [6.5, 9, 7, 13.5], "texture": "#1"},
				"up": {"uv": [12, 2.5, 10, 2], "texture": "#1"},
				"down": {"uv": [12, 2.5, 10, 3], "texture": "#1"}
			}
		},
		{
			"name": "Cup Wall",
			"from": [6, 11, 10],
			"to": [10, 20, 11],
			"rotation": {"angle": 0, "axis": "y", "origin": [8, 11, 9]},
			"faces": {
				"north": {"uv": [8, 0, 10, 4.5], "texture": "#1"},
				"east": {"uv": [7, 9, 7.5, 13.5], "texture": "#1"},
				"south": {"uv": [8, 4.5, 10, 9], "texture": "#1"},
				"west": {"uv": [7.5, 9, 8, 13.5], "texture": "#1"},
				"up": {"uv": [12, 3.5, 10, 3], "texture": "#1"},
				"down": {"uv": [12, 3.5, 10, 4], "texture": "#1"}
			}
		},
		{
			"from": [3, 17, 8],
			"to": [5, 18, 9],
			"rotation": {"angle": 0, "axis": "y", "origin": [3, 17, 8]},
			"faces": {
				"north": {"uv": [4, 0, 6, 1], "texture": "#2"},
				"east": {"uv": [0, 7, 1, 8], "texture": "#2"},
				"south": {"uv": [4, 1, 6, 2], "texture": "#2"},
				"west": {"uv": [1, 7, 2, 8], "texture": "#2"},
				"up": {"uv": [6, 3, 4, 2], "texture": "#2"},
				"down": {"uv": [6, 3, 4, 4], "texture": "#2"}
			}
		},
		{
			"from": [11, 17, 8],
			"to": [13, 18, 9],
			"rotation": {"angle": 0, "axis": "y", "origin": [11, 17, 8]},
			"faces": {
				"north": {"uv": [4, 4, 6, 5], "texture": "#2"},
				"east": {"uv": [2, 7, 3, 8], "texture": "#2"},
				"south": {"uv": [4, 5, 6, 6], "texture": "#2"},
				"west": {"uv": [3, 7, 4, 8], "texture": "#2"},
				"up": {"uv": [2, 7, 0, 6], "texture": "#2"},
				"down": {"uv": [8, 0, 6, 1], "texture": "#2"}
			}
		},
		{
			"from": [11, 13, 8],
			"to": [13, 14, 9],
			"rotation": {"angle": 0, "axis": "y", "origin": [11, 13, 8]},
			"faces": {
				"north": {"uv": [6, 1, 8, 2], "texture": "#2"},
				"east": {"uv": [4, 7, 5, 8], "texture": "#2"},
				"south": {"uv": [2, 6, 4, 7], "texture": "#2"},
				"west": {"uv": [5, 7, 6, 8], "texture": "#2"},
				"up": {"uv": [8, 3, 6, 2], "texture": "#2"},
				"down": {"uv": [8, 3, 6, 4], "texture": "#2"}
			}
		},
		{
			"from": [3, 13, 8],
			"to": [5, 14, 9],
			"rotation": {"angle": 0, "axis": "y", "origin": [3, 13, 8]},
			"faces": {
				"north": {"uv": [4, 6, 6, 7], "texture": "#2"},
				"east": {"uv": [6, 7, 7, 8], "texture": "#2"},
				"south": {"uv": [6, 4, 8, 5], "texture": "#2"},
				"west": {"uv": [7, 7, 8, 8], "texture": "#2"},
				"up": {"uv": [8, 6, 6, 5], "texture": "#2"},
				"down": {"uv": [8, 6, 6, 7], "texture": "#2"}
			}
		},
		{
			"from": [3, 14, 8],
			"to": [4, 17, 9],
			"rotation": {"angle": 0, "axis": "y", "origin": [2, 15, 8]},
			"faces": {
				"north": {"uv": [0, 0, 1, 3], "texture": "#2"},
				"east": {"uv": [1, 0, 2, 3], "texture": "#2"},
				"south": {"uv": [2, 0, 3, 3], "texture": "#2"},
				"west": {"uv": [0, 3, 1, 6], "texture": "#2"},
				"up": {"uv": [1, 9, 0, 8], "texture": "#2"},
				"down": {"uv": [9, 0, 8, 1], "texture": "#2"}
			}
		},
		{
			"from": [12, 14, 8],
			"to": [13, 17, 9],
			"rotation": {"angle": 0, "axis": "y", "origin": [11, 15, 8]},
			"faces": {
				"north": {"uv": [3, 0, 4, 3], "texture": "#2"},
				"east": {"uv": [1, 3, 2, 6], "texture": "#2"},
				"south": {"uv": [2, 3, 3, 6], "texture": "#2"},
				"west": {"uv": [3, 3, 4, 6], "texture": "#2"},
				"up": {"uv": [2, 9, 1, 8], "texture": "#2"},
				"down": {"uv": [9, 1, 8, 2], "texture": "#2"}
			}
		},
		{
			"from": [4, 20, 5],
			"to": [5, 21, 11],
			"rotation": {"angle": 0, "axis": "y", "origin": [3, 19, 4]},
			"faces": {
				"north": {"uv": [9, 1, 10, 2], "texture": "#3"},
				"east": {"uv": [0, 8, 6, 9], "texture": "#3"},
				"south": {"uv": [2, 9, 3, 10], "texture": "#3"},
				"west": {"uv": [8, 0, 14, 1], "texture": "#3"},
				"up": {"uv": [9, 7, 8, 1], "texture": "#3"},
				"down": {"uv": [7, 8, 6, 14], "texture": "#3"}
			}
		},
		{
			"from": [4, 20, 4],
			"to": [12, 21, 5],
			"rotation": {"angle": 0, "axis": "y", "origin": [12, 19, 3]},
			"faces": {
				"north": {"uv": [0, 0, 8, 1], "texture": "#3"},
				"east": {"uv": [9, 2, 10, 3], "texture": "#3"},
				"south": {"uv": [0, 1, 8, 2], "texture": "#3"},
				"west": {"uv": [3, 9, 4, 10], "texture": "#3"},
				"up": {"uv": [8, 3, 0, 2], "texture": "#3"},
				"down": {"uv": [8, 3, 0, 4], "texture": "#3"}
			}
		},
		{
			"from": [4, 20, 11],
			"to": [12, 21, 12],
			"rotation": {"angle": 0, "axis": "y", "origin": [12, 19, 10]},
			"faces": {
				"north": {"uv": [0, 4, 8, 5], "texture": "#3"},
				"east": {"uv": [9, 3, 10, 4], "texture": "#3"},
				"south": {"uv": [0, 5, 8, 6], "texture": "#3"},
				"west": {"uv": [4, 9, 5, 10], "texture": "#3"},
				"up": {"uv": [8, 7, 0, 6], "texture": "#3"},
				"down": {"uv": [8, 7, 0, 8], "texture": "#3"}
			}
		},
		{
			"from": [11, 20, 5],
			"to": [12, 21, 11],
			"rotation": {"angle": 0, "axis": "y", "origin": [10, 19, 4]},
			"faces": {
				"north": {"uv": [9, 4, 10, 5], "texture": "#3"},
				"east": {"uv": [7, 8, 13, 9], "texture": "#3"},
				"south": {"uv": [5, 9, 6, 10], "texture": "#3"},
				"west": {"uv": [8, 7, 14, 8], "texture": "#3"},
				"up": {"uv": [1, 15, 0, 9], "texture": "#3"},
				"down": {"uv": [2, 9, 1, 15], "texture": "#3"}
			}
		}
	],
	"display": {
		"firstperson_righthand": {
			"rotation": [156.25, 82.75, -180],
			"translation": [0.5, 2, 0],
			"scale": [0.96, 0.66, 0.73]
		},
		"firstperson_lefthand": {
			"rotation": [156.25, 82.75, -180],
			"translation": [0.5, 2, 0],
			"scale": [0.96, 0.66, 0.73]
		},
		"ground": {
			"rotation": [0, 0, -88.75],
			"scale": [0.75, 0.75, 0.75]
		},
		"gui": {
			"translation": [0, -2, 0],
			"scale": [0.75, 0.75, 0.75]
		},
		"head": {
			"translation": [0, 13, 0.25]
		},
		"fixed": {
			"translation": [0, -1.75, -0.75],
			"scale": [0.75, 0.75, 0.75]
		}
	},
	"groups": [
		0,
		1,
		2,
		3,
		4,
		{
			"name": "Cup Wall",
			"origin": [8, 11, 9],
			"color": 0,
			"children": [5, 6, 7, 8, 9]
		},
		{
			"name": "handle",
			"origin": [11, 15, 8],
			"color": 0,
			"children": [10, 11, 12, 13, 14, 15]
		},
		{
			"name": "lip",
			"origin": [10, 19, 4],
			"color": 0,
			"children": [16, 17, 18, 19]
		}
	]
}